	s1	s2	labels
0	http://www.openkg.cn/COVID-19/medical/resource/R100	http://www.openkg.cn/COVID-19/goods/resource/R0059	1.0
1	http://www.openkg.cn/COVID-19/medical/resource/R111	http://www.openkg.cn/COVID-19/goods/resource/R0068	1.0
2	http://www.openkg.cn/COVID-19/medical/resource/R114	http://www.openkg.cn/COVID-19/goods/resource/R0074	1.0
3	http://www.openkg.cn/COVID-19/medical/resource/R116	http://www.openkg.cn/COVID-19/goods/resource/R0069	1.0
4	http://www.openkg.cn/COVID-19/medical/resource/R130	http://www.openkg.cn/COVID-19/goods/resource/R0057	1.0
5	http://www.openkg.cn/COVID-19/medical/resource/R132	http://www.openkg.cn/COVID-19/goods/resource/R0063	1.0
6	http://www.openkg.cn/COVID-19/medical/resource/R139	http://www.openkg.cn/COVID-19/goods/resource/R0071	1.0
7	http://www.openkg.cn/COVID-19/medical/resource/R140	http://www.openkg.cn/COVID-19/goods/resource/R0058	1.0
8	http://www.openkg.cn/COVID-19/medical/resource/R141	http://www.openkg.cn/COVID-19/goods/resource/R0072	1.0
