	s1	s2	labels
0	http://www.openkg.cn/COVID-19/wiki/resource/R10038	http://www.openkg.cn/2019-nCoV/health/resource/R6422	1.0
1	http://www.openkg.cn/COVID-19/wiki/resource/R10048	http://www.openkg.cn/2019-nCoV/health/resource/R6663	1.0
2	http://www.openkg.cn/COVID-19/wiki/resource/R10057	http://www.openkg.cn/2019-nCoV/health/resource/R6719	1.0
3	http://www.openkg.cn/COVID-19/wiki/resource/R10074	http://www.openkg.cn/2019-nCoV/health/resource/R6575	1.0
4	http://www.openkg.cn/COVID-19/wiki/resource/R10102	http://www.openkg.cn/2019-nCoV/health/resource/R6715	1.0
5	http://www.openkg.cn/COVID-19/wiki/resource/R1011	http://www.openkg.cn/2019-nCoV/health/resource/R6268	1.0
6	http://www.openkg.cn/COVID-19/wiki/resource/R1017	http://www.openkg.cn/2019-nCoV/health/resource/R6539	1.0
7	http://www.openkg.cn/COVID-19/wiki/resource/R10215	http://www.openkg.cn/2019-nCoV/health/resource/R6457	1.0
8	http://www.openkg.cn/COVID-19/wiki/resource/R1025	http://www.openkg.cn/2019-nCoV/health/resource/R6332	1.0
9	http://www.openkg.cn/COVID-19/wiki/resource/R10325	http://www.openkg.cn/2019-nCoV/health/resource/R6533	1.0
10	http://www.openkg.cn/COVID-19/wiki/resource/R10338	http://www.openkg.cn/2019-nCoV/health/resource/R3220	1.0
11	http://www.openkg.cn/COVID-19/wiki/resource/R10523	http://www.openkg.cn/2019-nCoV/health/resource/R6342	1.0
12	http://www.openkg.cn/COVID-19/wiki/resource/R10597	http://www.openkg.cn/2019-nCoV/health/resource/R6540	1.0
13	http://www.openkg.cn/COVID-19/wiki/resource/R10598	http://www.openkg.cn/2019-nCoV/health/resource/R6556	1.0
14	http://www.openkg.cn/COVID-19/wiki/resource/R10626	http://www.openkg.cn/2019-nCoV/health/resource/R6270	1.0
15	http://www.openkg.cn/COVID-19/wiki/resource/R1065	http://www.openkg.cn/2019-nCoV/health/resource/R6512	1.0
16	http://www.openkg.cn/COVID-19/wiki/resource/R10737	http://www.openkg.cn/2019-nCoV/health/resource/R6431	1.0
17	http://www.openkg.cn/COVID-19/wiki/resource/R1075	http://www.openkg.cn/2019-nCoV/health/resource/R1304	1.0
18	http://www.openkg.cn/COVID-19/wiki/resource/R10807	http://www.openkg.cn/2019-nCoV/health/resource/R6733	1.0
19	http://www.openkg.cn/COVID-19/wiki/resource/R10869	http://www.openkg.cn/2019-nCoV/health/resource/R7091	1.0
20	http://www.openkg.cn/COVID-19/wiki/resource/R11059	http://www.openkg.cn/2019-nCoV/health/resource/R6263	1.0
21	http://www.openkg.cn/COVID-19/wiki/resource/R1114	http://www.openkg.cn/2019-nCoV/health/resource/R7035	1.0
22	http://www.openkg.cn/COVID-19/wiki/resource/R11140	http://www.openkg.cn/2019-nCoV/health/resource/R6326	1.0
23	http://www.openkg.cn/COVID-19/wiki/resource/R11160	http://www.openkg.cn/2019-nCoV/health/resource/R6298	1.0
24	http://www.openkg.cn/COVID-19/wiki/resource/R1141	http://www.openkg.cn/2019-nCoV/health/resource/R1723	1.0
25	http://www.openkg.cn/COVID-19/wiki/resource/R11422	http://www.openkg.cn/2019-nCoV/health/resource/R6272	1.0
26	http://www.openkg.cn/COVID-19/wiki/resource/R11449	http://www.openkg.cn/2019-nCoV/health/resource/R6783	1.0
27	http://www.openkg.cn/COVID-19/wiki/resource/R1166	http://www.openkg.cn/2019-nCoV/health/resource/R6313	1.0
28	http://www.openkg.cn/COVID-19/wiki/resource/R11698	http://www.openkg.cn/2019-nCoV/health/resource/R5880	1.0
29	http://www.openkg.cn/COVID-19/wiki/resource/R11711	http://www.openkg.cn/2019-nCoV/health/resource/R6511	1.0
30	http://www.openkg.cn/COVID-19/wiki/resource/R11717	http://www.openkg.cn/2019-nCoV/health/resource/R6364	1.0
31	http://www.openkg.cn/COVID-19/wiki/resource/R11763	http://www.openkg.cn/2019-nCoV/health/resource/R6186	1.0
32	http://www.openkg.cn/COVID-19/wiki/resource/R11814	http://www.openkg.cn/2019-nCoV/health/resource/R6483	1.0
33	http://www.openkg.cn/COVID-19/wiki/resource/R1185	http://www.openkg.cn/2019-nCoV/health/resource/R6550	1.0
34	http://www.openkg.cn/COVID-19/wiki/resource/R11886	http://www.openkg.cn/2019-nCoV/health/resource/R6354	1.0
35	http://www.openkg.cn/COVID-19/wiki/resource/R11897	http://www.openkg.cn/2019-nCoV/health/resource/R6395	1.0
36	http://www.openkg.cn/COVID-19/wiki/resource/R11964	http://www.openkg.cn/2019-nCoV/health/resource/R6372	1.0
37	http://www.openkg.cn/COVID-19/wiki/resource/R12153	http://www.openkg.cn/2019-nCoV/health/resource/R6222	1.0
38	http://www.openkg.cn/COVID-19/wiki/resource/R12167	http://www.openkg.cn/2019-nCoV/health/resource/R6453	1.0
39	http://www.openkg.cn/COVID-19/wiki/resource/R12170	http://www.openkg.cn/2019-nCoV/health/resource/R6240	1.0
40	http://www.openkg.cn/COVID-19/wiki/resource/R12220	http://www.openkg.cn/2019-nCoV/health/resource/R6449	1.0
41	http://www.openkg.cn/COVID-19/wiki/resource/R12236	http://www.openkg.cn/2019-nCoV/health/resource/R6288	1.0
42	http://www.openkg.cn/COVID-19/wiki/resource/R12239	http://www.openkg.cn/2019-nCoV/health/resource/R6305	1.0
43	http://www.openkg.cn/COVID-19/wiki/resource/R12289	http://www.openkg.cn/2019-nCoV/health/resource/R6166	1.0
44	http://www.openkg.cn/COVID-19/wiki/resource/R1236	http://www.openkg.cn/2019-nCoV/health/resource/R6481	1.0
45	http://www.openkg.cn/COVID-19/wiki/resource/R12443	http://www.openkg.cn/2019-nCoV/health/resource/R6536	1.0
46	http://www.openkg.cn/COVID-19/wiki/resource/R12543	http://www.openkg.cn/2019-nCoV/health/resource/R6230	1.0
47	http://www.openkg.cn/COVID-19/wiki/resource/R1265	http://www.openkg.cn/2019-nCoV/health/resource/R6346	1.0
48	http://www.openkg.cn/COVID-19/wiki/resource/R1280	http://www.openkg.cn/2019-nCoV/health/resource/R6375	1.0
49	http://www.openkg.cn/COVID-19/wiki/resource/R1283	http://www.openkg.cn/2019-nCoV/health/resource/R6378	1.0
50	http://www.openkg.cn/COVID-19/wiki/resource/R13587	http://www.openkg.cn/2019-nCoV/health/resource/R4028	1.0
51	http://www.openkg.cn/COVID-19/wiki/resource/R1533	http://www.openkg.cn/2019-nCoV/health/resource/R2456	1.0
52	http://www.openkg.cn/COVID-19/wiki/resource/R15877	http://www.openkg.cn/2019-nCoV/health/resource/R766	1.0
53	http://www.openkg.cn/COVID-19/wiki/resource/R1975	http://www.openkg.cn/2019-nCoV/health/resource/R4781	1.0
54	http://www.openkg.cn/COVID-19/wiki/resource/R19763	http://www.openkg.cn/2019-nCoV/health/resource/R2826	1.0
55	http://www.openkg.cn/COVID-19/wiki/resource/R2197	http://www.openkg.cn/2019-nCoV/health/resource/R3548	1.0
56	http://www.openkg.cn/COVID-19/wiki/resource/R2321	http://www.openkg.cn/2019-nCoV/health/resource/R4948	1.0
57	http://www.openkg.cn/COVID-19/wiki/resource/R2368	http://www.openkg.cn/2019-nCoV/health/resource/R1378	1.0
58	http://www.openkg.cn/COVID-19/wiki/resource/R2369	http://www.openkg.cn/2019-nCoV/health/resource/R3900	1.0
59	http://www.openkg.cn/COVID-19/wiki/resource/R2370	http://www.openkg.cn/2019-nCoV/health/resource/R293	1.0
60	http://www.openkg.cn/COVID-19/wiki/resource/R2371	http://www.openkg.cn/2019-nCoV/health/resource/R1738	1.0
61	http://www.openkg.cn/COVID-19/wiki/resource/R2372	http://www.openkg.cn/2019-nCoV/health/resource/R5555	1.0
62	http://www.openkg.cn/COVID-19/wiki/resource/R2373	http://www.openkg.cn/2019-nCoV/health/resource/R3653	1.0
63	http://www.openkg.cn/COVID-19/wiki/resource/R2374	http://www.openkg.cn/2019-nCoV/health/resource/R4179	1.0
64	http://www.openkg.cn/COVID-19/wiki/resource/R2375	http://www.openkg.cn/2019-nCoV/health/resource/R2823	1.0
65	http://www.openkg.cn/COVID-19/wiki/resource/R2377	http://www.openkg.cn/2019-nCoV/health/resource/R1229	1.0
66	http://www.openkg.cn/COVID-19/wiki/resource/R2378	http://www.openkg.cn/2019-nCoV/health/resource/R2042	1.0
67	http://www.openkg.cn/COVID-19/wiki/resource/R2379	http://www.openkg.cn/2019-nCoV/health/resource/R1355	1.0
68	http://www.openkg.cn/COVID-19/wiki/resource/R2380	http://www.openkg.cn/2019-nCoV/health/resource/R5890	1.0
69	http://www.openkg.cn/COVID-19/wiki/resource/R2381	http://www.openkg.cn/2019-nCoV/health/resource/R4032	1.0
70	http://www.openkg.cn/COVID-19/wiki/resource/R2384	http://www.openkg.cn/2019-nCoV/health/resource/R272	1.0
71	http://www.openkg.cn/COVID-19/wiki/resource/R2385	http://www.openkg.cn/2019-nCoV/health/resource/R1593	1.0
72	http://www.openkg.cn/COVID-19/wiki/resource/R2386	http://www.openkg.cn/2019-nCoV/health/resource/R4021	1.0
73	http://www.openkg.cn/COVID-19/wiki/resource/R2387	http://www.openkg.cn/2019-nCoV/health/resource/R3825	1.0
74	http://www.openkg.cn/COVID-19/wiki/resource/R2389	http://www.openkg.cn/2019-nCoV/health/resource/R5602	1.0
75	http://www.openkg.cn/COVID-19/wiki/resource/R2390	http://www.openkg.cn/2019-nCoV/health/resource/R4763	1.0
76	http://www.openkg.cn/COVID-19/wiki/resource/R2391	http://www.openkg.cn/2019-nCoV/health/resource/R5908	1.0
77	http://www.openkg.cn/COVID-19/wiki/resource/R2402	http://www.openkg.cn/2019-nCoV/health/resource/R6600	1.0
78	http://www.openkg.cn/COVID-19/wiki/resource/R24105	http://www.openkg.cn/2019-nCoV/health/resource/R4948	1.0
79	http://www.openkg.cn/COVID-19/wiki/resource/R24141	http://www.openkg.cn/2019-nCoV/health/resource/R5602	1.0
80	http://www.openkg.cn/COVID-19/wiki/resource/R24142	http://www.openkg.cn/2019-nCoV/health/resource/R4763	1.0
81	http://www.openkg.cn/COVID-19/wiki/resource/R24143	http://www.openkg.cn/2019-nCoV/health/resource/R4910	1.0
82	http://www.openkg.cn/COVID-19/wiki/resource/R24144	http://www.openkg.cn/2019-nCoV/health/resource/R1229	1.0
83	http://www.openkg.cn/COVID-19/wiki/resource/R24145	http://www.openkg.cn/2019-nCoV/health/resource/R2708	1.0
84	http://www.openkg.cn/COVID-19/wiki/resource/R24148	http://www.openkg.cn/2019-nCoV/health/resource/R2823	1.0
85	http://www.openkg.cn/COVID-19/wiki/resource/R24150	http://www.openkg.cn/2019-nCoV/health/resource/R2042	1.0
86	http://www.openkg.cn/COVID-19/wiki/resource/R24152	http://www.openkg.cn/2019-nCoV/health/resource/R5798	1.0
87	http://www.openkg.cn/COVID-19/wiki/resource/R24153	http://www.openkg.cn/2019-nCoV/health/resource/R3900	1.0
88	http://www.openkg.cn/COVID-19/wiki/resource/R24155	http://www.openkg.cn/2019-nCoV/health/resource/R5890	1.0
89	http://www.openkg.cn/COVID-19/wiki/resource/R24156	http://www.openkg.cn/2019-nCoV/health/resource/R1593	1.0
90	http://www.openkg.cn/COVID-19/wiki/resource/R24157	http://www.openkg.cn/2019-nCoV/health/resource/R3653	1.0
91	http://www.openkg.cn/COVID-19/wiki/resource/R24159	http://www.openkg.cn/2019-nCoV/health/resource/R272	1.0
92	http://www.openkg.cn/COVID-19/wiki/resource/R2416	http://www.openkg.cn/2019-nCoV/health/resource/R6678	1.0
93	http://www.openkg.cn/COVID-19/wiki/resource/R24160	http://www.openkg.cn/2019-nCoV/health/resource/R1378	1.0
94	http://www.openkg.cn/COVID-19/wiki/resource/R24161	http://www.openkg.cn/2019-nCoV/health/resource/R4075	1.0
95	http://www.openkg.cn/COVID-19/wiki/resource/R24162	http://www.openkg.cn/2019-nCoV/health/resource/R4032	1.0
96	http://www.openkg.cn/COVID-19/wiki/resource/R24163	http://www.openkg.cn/2019-nCoV/health/resource/R1738	1.0
97	http://www.openkg.cn/COVID-19/wiki/resource/R24165	http://www.openkg.cn/2019-nCoV/health/resource/R4179	1.0
98	http://www.openkg.cn/COVID-19/wiki/resource/R24167	http://www.openkg.cn/2019-nCoV/health/resource/R293	1.0
99	http://www.openkg.cn/COVID-19/wiki/resource/R24168	http://www.openkg.cn/2019-nCoV/health/resource/R4021	1.0
100	http://www.openkg.cn/COVID-19/wiki/resource/R24169	http://www.openkg.cn/2019-nCoV/health/resource/R5555	1.0
101	http://www.openkg.cn/COVID-19/wiki/resource/R24170	http://www.openkg.cn/2019-nCoV/health/resource/R5908	1.0
102	http://www.openkg.cn/COVID-19/wiki/resource/R24171	http://www.openkg.cn/2019-nCoV/health/resource/R1355	1.0
103	http://www.openkg.cn/COVID-19/wiki/resource/R24172	http://www.openkg.cn/2019-nCoV/health/resource/R3825	1.0
104	http://www.openkg.cn/COVID-19/wiki/resource/R24173	http://www.openkg.cn/2019-nCoV/health/resource/R6916	1.0
105	http://www.openkg.cn/COVID-19/wiki/resource/R24177	http://www.openkg.cn/2019-nCoV/health/resource/R6751	1.0
106	http://www.openkg.cn/COVID-19/wiki/resource/R24178	http://www.openkg.cn/2019-nCoV/health/resource/R6953	1.0
107	http://www.openkg.cn/COVID-19/wiki/resource/R24179	http://www.openkg.cn/2019-nCoV/health/resource/R6780	1.0
108	http://www.openkg.cn/COVID-19/wiki/resource/R24189	http://www.openkg.cn/2019-nCoV/health/resource/R6717	1.0
109	http://www.openkg.cn/COVID-19/wiki/resource/R24199	http://www.openkg.cn/2019-nCoV/health/resource/R1627	1.0
110	http://www.openkg.cn/COVID-19/wiki/resource/R2420	http://www.openkg.cn/2019-nCoV/health/resource/R6911	1.0
111	http://www.openkg.cn/COVID-19/wiki/resource/R24201	http://www.openkg.cn/2019-nCoV/health/resource/R6420	1.0
112	http://www.openkg.cn/COVID-19/wiki/resource/R24214	http://www.openkg.cn/2019-nCoV/health/resource/R5776	1.0
113	http://www.openkg.cn/COVID-19/wiki/resource/R24226	http://www.openkg.cn/2019-nCoV/health/resource/R6870	1.0
114	http://www.openkg.cn/COVID-19/wiki/resource/R24230	http://www.openkg.cn/2019-nCoV/health/resource/R7060	1.0
115	http://www.openkg.cn/COVID-19/wiki/resource/R24239	http://www.openkg.cn/2019-nCoV/health/resource/R7067	1.0
116	http://www.openkg.cn/COVID-19/wiki/resource/R24240	http://www.openkg.cn/2019-nCoV/health/resource/R6813	1.0
117	http://www.openkg.cn/COVID-19/wiki/resource/R24242	http://www.openkg.cn/2019-nCoV/health/resource/R6610	1.0
118	http://www.openkg.cn/COVID-19/wiki/resource/R24245	http://www.openkg.cn/2019-nCoV/health/resource/R7020	1.0
119	http://www.openkg.cn/COVID-19/wiki/resource/R24259	http://www.openkg.cn/2019-nCoV/health/resource/R6173	1.0
120	http://www.openkg.cn/COVID-19/wiki/resource/R24263	http://www.openkg.cn/2019-nCoV/health/resource/R7099	1.0
121	http://www.openkg.cn/COVID-19/wiki/resource/R24278	http://www.openkg.cn/2019-nCoV/health/resource/R6666	1.0
122	http://www.openkg.cn/COVID-19/wiki/resource/R24283	http://www.openkg.cn/2019-nCoV/health/resource/R6924	1.0
123	http://www.openkg.cn/COVID-19/wiki/resource/R24285	http://www.openkg.cn/2019-nCoV/health/resource/R7083	1.0
124	http://www.openkg.cn/COVID-19/wiki/resource/R24311	http://www.openkg.cn/2019-nCoV/health/resource/R6710	1.0
125	http://www.openkg.cn/COVID-19/wiki/resource/R24313	http://www.openkg.cn/2019-nCoV/health/resource/R7057	1.0
126	http://www.openkg.cn/COVID-19/wiki/resource/R24315	http://www.openkg.cn/2019-nCoV/health/resource/R6754	1.0
127	http://www.openkg.cn/COVID-19/wiki/resource/R24330	http://www.openkg.cn/2019-nCoV/health/resource/R6640	1.0
128	http://www.openkg.cn/COVID-19/wiki/resource/R2434	http://www.openkg.cn/2019-nCoV/health/resource/R6622	1.0
129	http://www.openkg.cn/COVID-19/wiki/resource/R24352	http://www.openkg.cn/2019-nCoV/health/resource/R6879	1.0
130	http://www.openkg.cn/COVID-19/wiki/resource/R24370	http://www.openkg.cn/2019-nCoV/health/resource/R6596	1.0
131	http://www.openkg.cn/COVID-19/wiki/resource/R24371	http://www.openkg.cn/2019-nCoV/health/resource/R6796	1.0
132	http://www.openkg.cn/COVID-19/wiki/resource/R24372	http://www.openkg.cn/2019-nCoV/health/resource/R6618	1.0
133	http://www.openkg.cn/COVID-19/wiki/resource/R24380	http://www.openkg.cn/2019-nCoV/health/resource/R6867	1.0
134	http://www.openkg.cn/COVID-19/wiki/resource/R24385	http://www.openkg.cn/2019-nCoV/health/resource/R7094	1.0
135	http://www.openkg.cn/COVID-19/wiki/resource/R24397	http://www.openkg.cn/2019-nCoV/health/resource/R1833	1.0
136	http://www.openkg.cn/COVID-19/wiki/resource/R24399	http://www.openkg.cn/2019-nCoV/health/resource/R6659	1.0
137	http://www.openkg.cn/COVID-19/wiki/resource/R24414	http://www.openkg.cn/2019-nCoV/health/resource/R6601	1.0
138	http://www.openkg.cn/COVID-19/wiki/resource/R24440	http://www.openkg.cn/2019-nCoV/health/resource/R6763	1.0
139	http://www.openkg.cn/COVID-19/wiki/resource/R24453	http://www.openkg.cn/2019-nCoV/health/resource/R6771	1.0
140	http://www.openkg.cn/COVID-19/wiki/resource/R24458	http://www.openkg.cn/2019-nCoV/health/resource/R1723	1.0
141	http://www.openkg.cn/COVID-19/wiki/resource/R24461	http://www.openkg.cn/2019-nCoV/health/resource/R6709	1.0
142	http://www.openkg.cn/COVID-19/wiki/resource/R24475	http://www.openkg.cn/2019-nCoV/health/resource/R7102	1.0
143	http://www.openkg.cn/COVID-19/wiki/resource/R24479	http://www.openkg.cn/2019-nCoV/health/resource/R6749	1.0
144	http://www.openkg.cn/COVID-19/wiki/resource/R24494	http://www.openkg.cn/2019-nCoV/health/resource/R6985	1.0
145	http://www.openkg.cn/COVID-19/wiki/resource/R24504	http://www.openkg.cn/2019-nCoV/health/resource/R6704	1.0
146	http://www.openkg.cn/COVID-19/wiki/resource/R24505	http://www.openkg.cn/2019-nCoV/health/resource/R5574	1.0
147	http://www.openkg.cn/COVID-19/wiki/resource/R24521	http://www.openkg.cn/2019-nCoV/health/resource/R6720	1.0
148	http://www.openkg.cn/COVID-19/wiki/resource/R24522	http://www.openkg.cn/2019-nCoV/health/resource/R6013	1.0
149	http://www.openkg.cn/COVID-19/wiki/resource/R24531	http://www.openkg.cn/2019-nCoV/health/resource/R6846	1.0
150	http://www.openkg.cn/COVID-19/wiki/resource/R24546	http://www.openkg.cn/2019-nCoV/health/resource/R6908	1.0
151	http://www.openkg.cn/COVID-19/wiki/resource/R2455	http://www.openkg.cn/2019-nCoV/health/resource/R6849	1.0
152	http://www.openkg.cn/COVID-19/wiki/resource/R24552	http://www.openkg.cn/2019-nCoV/health/resource/R6180	1.0
153	http://www.openkg.cn/COVID-19/wiki/resource/R24553	http://www.openkg.cn/2019-nCoV/health/resource/R6721	1.0
154	http://www.openkg.cn/COVID-19/wiki/resource/R24560	http://www.openkg.cn/2019-nCoV/health/resource/R6930	1.0
155	http://www.openkg.cn/COVID-19/wiki/resource/R24579	http://www.openkg.cn/2019-nCoV/health/resource/R7007	1.0
156	http://www.openkg.cn/COVID-19/wiki/resource/R2458	http://www.openkg.cn/2019-nCoV/health/resource/R6943	1.0
157	http://www.openkg.cn/COVID-19/wiki/resource/R24580	http://www.openkg.cn/2019-nCoV/health/resource/R6756	1.0
158	http://www.openkg.cn/COVID-19/wiki/resource/R24582	http://www.openkg.cn/2019-nCoV/health/resource/R6742	1.0
159	http://www.openkg.cn/COVID-19/wiki/resource/R24588	http://www.openkg.cn/2019-nCoV/health/resource/R6731	1.0
160	http://www.openkg.cn/COVID-19/wiki/resource/R24589	http://www.openkg.cn/2019-nCoV/health/resource/R7097	1.0
161	http://www.openkg.cn/COVID-19/wiki/resource/R24598	http://www.openkg.cn/2019-nCoV/health/resource/R6694	1.0
162	http://www.openkg.cn/COVID-19/wiki/resource/R24611	http://www.openkg.cn/2019-nCoV/health/resource/R3754	1.0
163	http://www.openkg.cn/COVID-19/wiki/resource/R24613	http://www.openkg.cn/2019-nCoV/health/resource/R6911	1.0
164	http://www.openkg.cn/COVID-19/wiki/resource/R24620	http://www.openkg.cn/2019-nCoV/health/resource/R6857	1.0
165	http://www.openkg.cn/COVID-19/wiki/resource/R24661	http://www.openkg.cn/2019-nCoV/health/resource/R7104	1.0
166	http://www.openkg.cn/COVID-19/wiki/resource/R24665	http://www.openkg.cn/2019-nCoV/health/resource/R6612	1.0
167	http://www.openkg.cn/COVID-19/wiki/resource/R24668	http://www.openkg.cn/2019-nCoV/health/resource/R6757	1.0
168	http://www.openkg.cn/COVID-19/wiki/resource/R24678	http://www.openkg.cn/2019-nCoV/health/resource/R6714	1.0
169	http://www.openkg.cn/COVID-19/wiki/resource/R24680	http://www.openkg.cn/2019-nCoV/health/resource/R7054	1.0
170	http://www.openkg.cn/COVID-19/wiki/resource/R24683	http://www.openkg.cn/2019-nCoV/health/resource/R7070	1.0
171	http://www.openkg.cn/COVID-19/wiki/resource/R2470	http://www.openkg.cn/2019-nCoV/health/resource/R7057	1.0
172	http://www.openkg.cn/COVID-19/wiki/resource/R24710	http://www.openkg.cn/2019-nCoV/health/resource/R6783	1.0
173	http://www.openkg.cn/COVID-19/wiki/resource/R24711	http://www.openkg.cn/2019-nCoV/health/resource/R6745	1.0
174	http://www.openkg.cn/COVID-19/wiki/resource/R24725	http://www.openkg.cn/2019-nCoV/health/resource/R6732	1.0
175	http://www.openkg.cn/COVID-19/wiki/resource/R24726	http://www.openkg.cn/2019-nCoV/health/resource/R6752	1.0
176	http://www.openkg.cn/COVID-19/wiki/resource/R24728	http://www.openkg.cn/2019-nCoV/health/resource/R6240	1.0
177	http://www.openkg.cn/COVID-19/wiki/resource/R24739	http://www.openkg.cn/2019-nCoV/health/resource/R6252	1.0
178	http://www.openkg.cn/COVID-19/wiki/resource/R24746	http://www.openkg.cn/2019-nCoV/health/resource/R6690	1.0
179	http://www.openkg.cn/COVID-19/wiki/resource/R24753	http://www.openkg.cn/2019-nCoV/health/resource/R6635	1.0
180	http://www.openkg.cn/COVID-19/wiki/resource/R2476	http://www.openkg.cn/2019-nCoV/health/resource/R6616	1.0
181	http://www.openkg.cn/COVID-19/wiki/resource/R24763	http://www.openkg.cn/2019-nCoV/health/resource/R6972	1.0
182	http://www.openkg.cn/COVID-19/wiki/resource/R24764	http://www.openkg.cn/2019-nCoV/health/resource/R6806	1.0
183	http://www.openkg.cn/COVID-19/wiki/resource/R24767	http://www.openkg.cn/2019-nCoV/health/resource/R6616	1.0
184	http://www.openkg.cn/COVID-19/wiki/resource/R24770	http://www.openkg.cn/2019-nCoV/health/resource/R6798	1.0
185	http://www.openkg.cn/COVID-19/wiki/resource/R24781	http://www.openkg.cn/2019-nCoV/health/resource/R6818	1.0
186	http://www.openkg.cn/COVID-19/wiki/resource/R24783	http://www.openkg.cn/2019-nCoV/health/resource/R6509	1.0
187	http://www.openkg.cn/COVID-19/wiki/resource/R24784	http://www.openkg.cn/2019-nCoV/health/resource/R6990	1.0
188	http://www.openkg.cn/COVID-19/wiki/resource/R24785	http://www.openkg.cn/2019-nCoV/health/resource/R6776	1.0
189	http://www.openkg.cn/COVID-19/wiki/resource/R24788	http://www.openkg.cn/2019-nCoV/health/resource/R6647	1.0
190	http://www.openkg.cn/COVID-19/wiki/resource/R24799	http://www.openkg.cn/2019-nCoV/health/resource/R6718	1.0
191	http://www.openkg.cn/COVID-19/wiki/resource/R24803	http://www.openkg.cn/2019-nCoV/health/resource/R7091	1.0
192	http://www.openkg.cn/COVID-19/wiki/resource/R24805	http://www.openkg.cn/2019-nCoV/health/resource/R6765	1.0
193	http://www.openkg.cn/COVID-19/wiki/resource/R24806	http://www.openkg.cn/2019-nCoV/health/resource/R6861	1.0
194	http://www.openkg.cn/COVID-19/wiki/resource/R24809	http://www.openkg.cn/2019-nCoV/health/resource/R7017	1.0
195	http://www.openkg.cn/COVID-19/wiki/resource/R24811	http://www.openkg.cn/2019-nCoV/health/resource/R7066	1.0
196	http://www.openkg.cn/COVID-19/wiki/resource/R24829	http://www.openkg.cn/2019-nCoV/health/resource/R6962	1.0
197	http://www.openkg.cn/COVID-19/wiki/resource/R24832	http://www.openkg.cn/2019-nCoV/health/resource/R7024	1.0
198	http://www.openkg.cn/COVID-19/wiki/resource/R24839	http://www.openkg.cn/2019-nCoV/health/resource/R6963	1.0
199	http://www.openkg.cn/COVID-19/wiki/resource/R24841	http://www.openkg.cn/2019-nCoV/health/resource/R6920	1.0
200	http://www.openkg.cn/COVID-19/wiki/resource/R24842	http://www.openkg.cn/2019-nCoV/health/resource/R6940	1.0
201	http://www.openkg.cn/COVID-19/wiki/resource/R24848	http://www.openkg.cn/2019-nCoV/health/resource/R6988	1.0
202	http://www.openkg.cn/COVID-19/wiki/resource/R24856	http://www.openkg.cn/2019-nCoV/health/resource/R6825	1.0
203	http://www.openkg.cn/COVID-19/wiki/resource/R24858	http://www.openkg.cn/2019-nCoV/health/resource/R6691	1.0
204	http://www.openkg.cn/COVID-19/wiki/resource/R24865	http://www.openkg.cn/2019-nCoV/health/resource/R6495	1.0
205	http://www.openkg.cn/COVID-19/wiki/resource/R2488	http://www.openkg.cn/2019-nCoV/health/resource/R223	1.0
206	http://www.openkg.cn/COVID-19/wiki/resource/R24882	http://www.openkg.cn/2019-nCoV/health/resource/R6876	1.0
207	http://www.openkg.cn/COVID-19/wiki/resource/R24884	http://www.openkg.cn/2019-nCoV/health/resource/R6868	1.0
208	http://www.openkg.cn/COVID-19/wiki/resource/R24891	http://www.openkg.cn/2019-nCoV/health/resource/R6889	1.0
209	http://www.openkg.cn/COVID-19/wiki/resource/R2491	http://www.openkg.cn/2019-nCoV/health/resource/R7013	1.0
210	http://www.openkg.cn/COVID-19/wiki/resource/R24916	http://www.openkg.cn/2019-nCoV/health/resource/R6880	1.0
211	http://www.openkg.cn/COVID-19/wiki/resource/R24924	http://www.openkg.cn/2019-nCoV/health/resource/R6726	1.0
212	http://www.openkg.cn/COVID-19/wiki/resource/R24937	http://www.openkg.cn/2019-nCoV/health/resource/R6773	1.0
213	http://www.openkg.cn/COVID-19/wiki/resource/R24942	http://www.openkg.cn/2019-nCoV/health/resource/R6887	1.0
214	http://www.openkg.cn/COVID-19/wiki/resource/R24950	http://www.openkg.cn/2019-nCoV/health/resource/R6849	1.0
215	http://www.openkg.cn/COVID-19/wiki/resource/R24964	http://www.openkg.cn/2019-nCoV/health/resource/R7037	1.0
216	http://www.openkg.cn/COVID-19/wiki/resource/R2497	http://www.openkg.cn/2019-nCoV/health/resource/R6818	1.0
217	http://www.openkg.cn/COVID-19/wiki/resource/R2499	http://www.openkg.cn/2019-nCoV/health/resource/R6757	1.0
218	http://www.openkg.cn/COVID-19/wiki/resource/R25001	http://www.openkg.cn/2019-nCoV/health/resource/R7013	1.0
219	http://www.openkg.cn/COVID-19/wiki/resource/R25003	http://www.openkg.cn/2019-nCoV/health/resource/R7086	1.0
220	http://www.openkg.cn/COVID-19/wiki/resource/R25023	http://www.openkg.cn/2019-nCoV/health/resource/R6638	1.0
221	http://www.openkg.cn/COVID-19/wiki/resource/R25040	http://www.openkg.cn/2019-nCoV/health/resource/R6693	1.0
222	http://www.openkg.cn/COVID-19/wiki/resource/R25041	http://www.openkg.cn/2019-nCoV/health/resource/R6954	1.0
223	http://www.openkg.cn/COVID-19/wiki/resource/R25045	http://www.openkg.cn/2019-nCoV/health/resource/R6719	1.0
224	http://www.openkg.cn/COVID-19/wiki/resource/R25054	http://www.openkg.cn/2019-nCoV/health/resource/R6901	1.0
225	http://www.openkg.cn/COVID-19/wiki/resource/R25057	http://www.openkg.cn/2019-nCoV/health/resource/R6874	1.0
226	http://www.openkg.cn/COVID-19/wiki/resource/R25063	http://www.openkg.cn/2019-nCoV/health/resource/R6257	1.0
227	http://www.openkg.cn/COVID-19/wiki/resource/R25067	http://www.openkg.cn/2019-nCoV/health/resource/R6991	1.0
228	http://www.openkg.cn/COVID-19/wiki/resource/R25068	http://www.openkg.cn/2019-nCoV/health/resource/R6622	1.0
229	http://www.openkg.cn/COVID-19/wiki/resource/R2508	http://www.openkg.cn/2019-nCoV/health/resource/R7075	1.0
230	http://www.openkg.cn/COVID-19/wiki/resource/R25092	http://www.openkg.cn/2019-nCoV/health/resource/R6853	1.0
231	http://www.openkg.cn/COVID-19/wiki/resource/R25093	http://www.openkg.cn/2019-nCoV/health/resource/R6700	1.0
232	http://www.openkg.cn/COVID-19/wiki/resource/R25096	http://www.openkg.cn/2019-nCoV/health/resource/R7065	1.0
233	http://www.openkg.cn/COVID-19/wiki/resource/R25118	http://www.openkg.cn/2019-nCoV/health/resource/R6764	1.0
234	http://www.openkg.cn/COVID-19/wiki/resource/R25119	http://www.openkg.cn/2019-nCoV/health/resource/R6828	1.0
235	http://www.openkg.cn/COVID-19/wiki/resource/R25124	http://www.openkg.cn/2019-nCoV/health/resource/R6242	1.0
236	http://www.openkg.cn/COVID-19/wiki/resource/R25128	http://www.openkg.cn/2019-nCoV/health/resource/R6904	1.0
237	http://www.openkg.cn/COVID-19/wiki/resource/R25149	http://www.openkg.cn/2019-nCoV/health/resource/R7033	1.0
238	http://www.openkg.cn/COVID-19/wiki/resource/R25160	http://www.openkg.cn/2019-nCoV/health/resource/R6489	1.0
239	http://www.openkg.cn/COVID-19/wiki/resource/R25172	http://www.openkg.cn/2019-nCoV/health/resource/R7009	1.0
240	http://www.openkg.cn/COVID-19/wiki/resource/R25181	http://www.openkg.cn/2019-nCoV/health/resource/R7071	1.0
241	http://www.openkg.cn/COVID-19/wiki/resource/R25188	http://www.openkg.cn/2019-nCoV/health/resource/R6788	1.0
242	http://www.openkg.cn/COVID-19/wiki/resource/R25191	http://www.openkg.cn/2019-nCoV/health/resource/R7073	1.0
243	http://www.openkg.cn/COVID-19/wiki/resource/R25192	http://www.openkg.cn/2019-nCoV/health/resource/R7092	1.0
244	http://www.openkg.cn/COVID-19/wiki/resource/R2520	http://www.openkg.cn/2019-nCoV/health/resource/R7085	1.0
245	http://www.openkg.cn/COVID-19/wiki/resource/R25205	http://www.openkg.cn/2019-nCoV/health/resource/R7079	1.0
246	http://www.openkg.cn/COVID-19/wiki/resource/R2521	http://www.openkg.cn/2019-nCoV/health/resource/R6861	1.0
247	http://www.openkg.cn/COVID-19/wiki/resource/R25217	http://www.openkg.cn/2019-nCoV/health/resource/R6743	1.0
248	http://www.openkg.cn/COVID-19/wiki/resource/R25250	http://www.openkg.cn/2019-nCoV/health/resource/R7041	1.0
249	http://www.openkg.cn/COVID-19/wiki/resource/R25251	http://www.openkg.cn/2019-nCoV/health/resource/R6936	1.0
250	http://www.openkg.cn/COVID-19/wiki/resource/R25264	http://www.openkg.cn/2019-nCoV/health/resource/R6860	1.0
251	http://www.openkg.cn/COVID-19/wiki/resource/R25268	http://www.openkg.cn/2019-nCoV/health/resource/R6943	1.0
252	http://www.openkg.cn/COVID-19/wiki/resource/R25272	http://www.openkg.cn/2019-nCoV/health/resource/R6914	1.0
253	http://www.openkg.cn/COVID-19/wiki/resource/R25275	http://www.openkg.cn/2019-nCoV/health/resource/R7003	1.0
254	http://www.openkg.cn/COVID-19/wiki/resource/R25279	http://www.openkg.cn/2019-nCoV/health/resource/R6598	1.0
255	http://www.openkg.cn/COVID-19/wiki/resource/R25283	http://www.openkg.cn/2019-nCoV/health/resource/R6336	1.0
256	http://www.openkg.cn/COVID-19/wiki/resource/R25303	http://www.openkg.cn/2019-nCoV/health/resource/R6907	1.0
257	http://www.openkg.cn/COVID-19/wiki/resource/R25310	http://www.openkg.cn/2019-nCoV/health/resource/R6928	1.0
258	http://www.openkg.cn/COVID-19/wiki/resource/R25328	http://www.openkg.cn/2019-nCoV/health/resource/R6973	1.0
259	http://www.openkg.cn/COVID-19/wiki/resource/R25340	http://www.openkg.cn/2019-nCoV/health/resource/R7082	1.0
260	http://www.openkg.cn/COVID-19/wiki/resource/R25342	http://www.openkg.cn/2019-nCoV/health/resource/R6895	1.0
261	http://www.openkg.cn/COVID-19/wiki/resource/R25351	http://www.openkg.cn/2019-nCoV/health/resource/R6703	1.0
262	http://www.openkg.cn/COVID-19/wiki/resource/R25352	http://www.openkg.cn/2019-nCoV/health/resource/R6814	1.0
263	http://www.openkg.cn/COVID-19/wiki/resource/R25356	http://www.openkg.cn/2019-nCoV/health/resource/R2817	1.0
264	http://www.openkg.cn/COVID-19/wiki/resource/R25359	http://www.openkg.cn/2019-nCoV/health/resource/R6986	1.0
265	http://www.openkg.cn/COVID-19/wiki/resource/R25366	http://www.openkg.cn/2019-nCoV/health/resource/R7029	1.0
266	http://www.openkg.cn/COVID-19/wiki/resource/R25377	http://www.openkg.cn/2019-nCoV/health/resource/R6633	1.0
267	http://www.openkg.cn/COVID-19/wiki/resource/R25389	http://www.openkg.cn/2019-nCoV/health/resource/R6660	1.0
268	http://www.openkg.cn/COVID-19/wiki/resource/R25390	http://www.openkg.cn/2019-nCoV/health/resource/R6866	1.0
269	http://www.openkg.cn/COVID-19/wiki/resource/R25398	http://www.openkg.cn/2019-nCoV/health/resource/R7038	1.0
270	http://www.openkg.cn/COVID-19/wiki/resource/R25399	http://www.openkg.cn/2019-nCoV/health/resource/R6600	1.0
271	http://www.openkg.cn/COVID-19/wiki/resource/R25405	http://www.openkg.cn/2019-nCoV/health/resource/R7087	1.0
272	http://www.openkg.cn/COVID-19/wiki/resource/R2541	http://www.openkg.cn/2019-nCoV/health/resource/R6266	1.0
273	http://www.openkg.cn/COVID-19/wiki/resource/R25411	http://www.openkg.cn/2019-nCoV/health/resource/R6851	1.0
274	http://www.openkg.cn/COVID-19/wiki/resource/R25417	http://www.openkg.cn/2019-nCoV/health/resource/R6999	1.0
275	http://www.openkg.cn/COVID-19/wiki/resource/R25438	http://www.openkg.cn/2019-nCoV/health/resource/R6951	1.0
276	http://www.openkg.cn/COVID-19/wiki/resource/R25456	http://www.openkg.cn/2019-nCoV/health/resource/R7056	1.0
277	http://www.openkg.cn/COVID-19/wiki/resource/R25461	http://www.openkg.cn/2019-nCoV/health/resource/R6836	1.0
278	http://www.openkg.cn/COVID-19/wiki/resource/R25477	http://www.openkg.cn/2019-nCoV/health/resource/R7051	1.0
279	http://www.openkg.cn/COVID-19/wiki/resource/R25478	http://www.openkg.cn/2019-nCoV/health/resource/R7042	1.0
280	http://www.openkg.cn/COVID-19/wiki/resource/R25488	http://www.openkg.cn/2019-nCoV/health/resource/R6577	1.0
281	http://www.openkg.cn/COVID-19/wiki/resource/R2549	http://www.openkg.cn/2019-nCoV/health/resource/R7106	1.0
282	http://www.openkg.cn/COVID-19/wiki/resource/R25491	http://www.openkg.cn/2019-nCoV/health/resource/R6604	1.0
283	http://www.openkg.cn/COVID-19/wiki/resource/R25507	http://www.openkg.cn/2019-nCoV/health/resource/R7084	1.0
284	http://www.openkg.cn/COVID-19/wiki/resource/R25512	http://www.openkg.cn/2019-nCoV/health/resource/R6599	1.0
285	http://www.openkg.cn/COVID-19/wiki/resource/R25518	http://www.openkg.cn/2019-nCoV/health/resource/R6974	1.0
286	http://www.openkg.cn/COVID-19/wiki/resource/R25522	http://www.openkg.cn/2019-nCoV/health/resource/R6707	1.0
287	http://www.openkg.cn/COVID-19/wiki/resource/R25533	http://www.openkg.cn/2019-nCoV/health/resource/R6961	1.0
288	http://www.openkg.cn/COVID-19/wiki/resource/R25547	http://www.openkg.cn/2019-nCoV/health/resource/R6873	1.0
289	http://www.openkg.cn/COVID-19/wiki/resource/R25555	http://www.openkg.cn/2019-nCoV/health/resource/R6774	1.0
290	http://www.openkg.cn/COVID-19/wiki/resource/R25556	http://www.openkg.cn/2019-nCoV/health/resource/R6893	1.0
291	http://www.openkg.cn/COVID-19/wiki/resource/R25565	http://www.openkg.cn/2019-nCoV/health/resource/R6556	1.0
292	http://www.openkg.cn/COVID-19/wiki/resource/R25567	http://www.openkg.cn/2019-nCoV/health/resource/R6722	1.0
293	http://www.openkg.cn/COVID-19/wiki/resource/R2557	http://www.openkg.cn/2019-nCoV/health/resource/R6813	1.0
294	http://www.openkg.cn/COVID-19/wiki/resource/R25575	http://www.openkg.cn/2019-nCoV/health/resource/R6214	1.0
295	http://www.openkg.cn/COVID-19/wiki/resource/R25586	http://www.openkg.cn/2019-nCoV/health/resource/R6862	1.0
296	http://www.openkg.cn/COVID-19/wiki/resource/R25592	http://www.openkg.cn/2019-nCoV/health/resource/R6822	1.0
297	http://www.openkg.cn/COVID-19/wiki/resource/R25599	http://www.openkg.cn/2019-nCoV/health/resource/R6995	1.0
298	http://www.openkg.cn/COVID-19/wiki/resource/R25600	http://www.openkg.cn/2019-nCoV/health/resource/R6735	1.0
299	http://www.openkg.cn/COVID-19/wiki/resource/R25605	http://www.openkg.cn/2019-nCoV/health/resource/R7040	1.0
300	http://www.openkg.cn/COVID-19/wiki/resource/R25608	http://www.openkg.cn/2019-nCoV/health/resource/R6977	1.0
301	http://www.openkg.cn/COVID-19/wiki/resource/R2563	http://www.openkg.cn/2019-nCoV/health/resource/R6788	1.0
302	http://www.openkg.cn/COVID-19/wiki/resource/R25656	http://www.openkg.cn/2019-nCoV/health/resource/R6273	1.0
303	http://www.openkg.cn/COVID-19/wiki/resource/R25659	http://www.openkg.cn/2019-nCoV/health/resource/R6932	1.0
304	http://www.openkg.cn/COVID-19/wiki/resource/R25672	http://www.openkg.cn/2019-nCoV/health/resource/R6952	1.0
305	http://www.openkg.cn/COVID-19/wiki/resource/R25674	http://www.openkg.cn/2019-nCoV/health/resource/R6729	1.0
306	http://www.openkg.cn/COVID-19/wiki/resource/R25685	http://www.openkg.cn/2019-nCoV/health/resource/R6615	1.0
307	http://www.openkg.cn/COVID-19/wiki/resource/R25689	http://www.openkg.cn/2019-nCoV/health/resource/R2467	1.0
308	http://www.openkg.cn/COVID-19/wiki/resource/R2569	http://www.openkg.cn/2019-nCoV/health/resource/R6451	1.0
309	http://www.openkg.cn/COVID-19/wiki/resource/R25691	http://www.openkg.cn/2019-nCoV/health/resource/R6451	1.0
310	http://www.openkg.cn/COVID-19/wiki/resource/R25704	http://www.openkg.cn/2019-nCoV/health/resource/R7050	1.0
311	http://www.openkg.cn/COVID-19/wiki/resource/R25717	http://www.openkg.cn/2019-nCoV/health/resource/R6784	1.0
312	http://www.openkg.cn/COVID-19/wiki/resource/R25721	http://www.openkg.cn/2019-nCoV/health/resource/R3344	1.0
313	http://www.openkg.cn/COVID-19/wiki/resource/R25746	http://www.openkg.cn/2019-nCoV/health/resource/R6602	1.0
314	http://www.openkg.cn/COVID-19/wiki/resource/R25750	http://www.openkg.cn/2019-nCoV/health/resource/R7046	1.0
315	http://www.openkg.cn/COVID-19/wiki/resource/R25764	http://www.openkg.cn/2019-nCoV/health/resource/R6803	1.0
316	http://www.openkg.cn/COVID-19/wiki/resource/R25788	http://www.openkg.cn/2019-nCoV/health/resource/R7018	1.0
317	http://www.openkg.cn/COVID-19/wiki/resource/R25792	http://www.openkg.cn/2019-nCoV/health/resource/R6900	1.0
318	http://www.openkg.cn/COVID-19/wiki/resource/R25808	http://www.openkg.cn/2019-nCoV/health/resource/R6799	1.0
319	http://www.openkg.cn/COVID-19/wiki/resource/R25857	http://www.openkg.cn/2019-nCoV/health/resource/R6855	1.0
320	http://www.openkg.cn/COVID-19/wiki/resource/R25861	http://www.openkg.cn/2019-nCoV/health/resource/R7058	1.0
321	http://www.openkg.cn/COVID-19/wiki/resource/R25868	http://www.openkg.cn/2019-nCoV/health/resource/R7080	1.0
322	http://www.openkg.cn/COVID-19/wiki/resource/R25871	http://www.openkg.cn/2019-nCoV/health/resource/R6692	1.0
323	http://www.openkg.cn/COVID-19/wiki/resource/R25873	http://www.openkg.cn/2019-nCoV/health/resource/R6769	1.0
324	http://www.openkg.cn/COVID-19/wiki/resource/R25876	http://www.openkg.cn/2019-nCoV/health/resource/R6949	1.0
325	http://www.openkg.cn/COVID-19/wiki/resource/R25878	http://www.openkg.cn/2019-nCoV/health/resource/R6563	1.0
326	http://www.openkg.cn/COVID-19/wiki/resource/R25880	http://www.openkg.cn/2019-nCoV/health/resource/R6327	1.0
327	http://www.openkg.cn/COVID-19/wiki/resource/R25882	http://www.openkg.cn/2019-nCoV/health/resource/R7075	1.0
328	http://www.openkg.cn/COVID-19/wiki/resource/R25885	http://www.openkg.cn/2019-nCoV/health/resource/R6699	1.0
329	http://www.openkg.cn/COVID-19/wiki/resource/R25889	http://www.openkg.cn/2019-nCoV/health/resource/R6793	1.0
330	http://www.openkg.cn/COVID-19/wiki/resource/R25896	http://www.openkg.cn/2019-nCoV/health/resource/R6761	1.0
331	http://www.openkg.cn/COVID-19/wiki/resource/R2591	http://www.openkg.cn/2019-nCoV/health/resource/R7009	1.0
332	http://www.openkg.cn/COVID-19/wiki/resource/R25910	http://www.openkg.cn/2019-nCoV/health/resource/R6938	1.0
333	http://www.openkg.cn/COVID-19/wiki/resource/R25914	http://www.openkg.cn/2019-nCoV/health/resource/R6266	1.0
334	http://www.openkg.cn/COVID-19/wiki/resource/R25920	http://www.openkg.cn/2019-nCoV/health/resource/R6779	1.0
335	http://www.openkg.cn/COVID-19/wiki/resource/R25923	http://www.openkg.cn/2019-nCoV/health/resource/R6579	1.0
336	http://www.openkg.cn/COVID-19/wiki/resource/R25931	http://www.openkg.cn/2019-nCoV/health/resource/R6946	1.0
337	http://www.openkg.cn/COVID-19/wiki/resource/R25939	http://www.openkg.cn/2019-nCoV/health/resource/R7103	1.0
338	http://www.openkg.cn/COVID-19/wiki/resource/R25956	http://www.openkg.cn/2019-nCoV/health/resource/R7002	1.0
339	http://www.openkg.cn/COVID-19/wiki/resource/R25960	http://www.openkg.cn/2019-nCoV/health/resource/R6737	1.0
340	http://www.openkg.cn/COVID-19/wiki/resource/R25971	http://www.openkg.cn/2019-nCoV/health/resource/R6950	1.0
341	http://www.openkg.cn/COVID-19/wiki/resource/R25973	http://www.openkg.cn/2019-nCoV/health/resource/R7096	1.0
342	http://www.openkg.cn/COVID-19/wiki/resource/R25983	http://www.openkg.cn/2019-nCoV/health/resource/R6080	1.0
343	http://www.openkg.cn/COVID-19/wiki/resource/R25985	http://www.openkg.cn/2019-nCoV/health/resource/R6856	1.0
344	http://www.openkg.cn/COVID-19/wiki/resource/R25986	http://www.openkg.cn/2019-nCoV/health/resource/R1231	1.0
345	http://www.openkg.cn/COVID-19/wiki/resource/R25987	http://www.openkg.cn/2019-nCoV/health/resource/R6927	1.0
346	http://www.openkg.cn/COVID-19/wiki/resource/R25998	http://www.openkg.cn/2019-nCoV/health/resource/R6678	1.0
347	http://www.openkg.cn/COVID-19/wiki/resource/R25999	http://www.openkg.cn/2019-nCoV/health/resource/R6603	1.0
348	http://www.openkg.cn/COVID-19/wiki/resource/R2609	http://www.openkg.cn/2019-nCoV/health/resource/R6735	1.0
349	http://www.openkg.cn/COVID-19/wiki/resource/R2624	http://www.openkg.cn/2019-nCoV/health/resource/R7056	1.0
350	http://www.openkg.cn/COVID-19/wiki/resource/R2628	http://www.openkg.cn/2019-nCoV/health/resource/R6779	1.0
351	http://www.openkg.cn/COVID-19/wiki/resource/R2630	http://www.openkg.cn/2019-nCoV/health/resource/R6722	1.0
352	http://www.openkg.cn/COVID-19/wiki/resource/R2634	http://www.openkg.cn/2019-nCoV/health/resource/R6618	1.0
353	http://www.openkg.cn/COVID-19/wiki/resource/R2636	http://www.openkg.cn/2019-nCoV/health/resource/R6612	1.0
354	http://www.openkg.cn/COVID-19/wiki/resource/R2640	http://www.openkg.cn/2019-nCoV/health/resource/R6926	1.0
355	http://www.openkg.cn/COVID-19/wiki/resource/R2646	http://www.openkg.cn/2019-nCoV/health/resource/R6763	1.0
356	http://www.openkg.cn/COVID-19/wiki/resource/R2647	http://www.openkg.cn/2019-nCoV/health/resource/R861	1.0
357	http://www.openkg.cn/COVID-19/wiki/resource/R2652	http://www.openkg.cn/2019-nCoV/health/resource/R5776	1.0
358	http://www.openkg.cn/COVID-19/wiki/resource/R2665	http://www.openkg.cn/2019-nCoV/health/resource/R6887	1.0
359	http://www.openkg.cn/COVID-19/wiki/resource/R2677	http://www.openkg.cn/2019-nCoV/health/resource/R6990	1.0
360	http://www.openkg.cn/COVID-19/wiki/resource/R2690	http://www.openkg.cn/2019-nCoV/health/resource/R6729	1.0
361	http://www.openkg.cn/COVID-19/wiki/resource/R2691	http://www.openkg.cn/2019-nCoV/health/resource/R7065	1.0
362	http://www.openkg.cn/COVID-19/wiki/resource/R2699	http://www.openkg.cn/2019-nCoV/health/resource/R6726	1.0
363	http://www.openkg.cn/COVID-19/wiki/resource/R2725	http://www.openkg.cn/2019-nCoV/health/resource/R3344	1.0
364	http://www.openkg.cn/COVID-19/wiki/resource/R2730	http://www.openkg.cn/2019-nCoV/health/resource/R6732	1.0
365	http://www.openkg.cn/COVID-19/wiki/resource/R27316	http://www.openkg.cn/2019-nCoV/health/resource/R7075	1.0
366	http://www.openkg.cn/COVID-19/wiki/resource/R2733	http://www.openkg.cn/2019-nCoV/health/resource/R6874	1.0
367	http://www.openkg.cn/COVID-19/wiki/resource/R27382	http://www.openkg.cn/2019-nCoV/health/resource/R6241	1.0
368	http://www.openkg.cn/COVID-19/wiki/resource/R2750	http://www.openkg.cn/2019-nCoV/health/resource/R6598	1.0
369	http://www.openkg.cn/COVID-19/wiki/resource/R27567	http://www.openkg.cn/2019-nCoV/health/resource/R6474	1.0
370	http://www.openkg.cn/COVID-19/wiki/resource/R27584	http://www.openkg.cn/2019-nCoV/health/resource/R6544	1.0
371	http://www.openkg.cn/COVID-19/wiki/resource/R2763	http://www.openkg.cn/2019-nCoV/health/resource/R6877	1.0
372	http://www.openkg.cn/COVID-19/wiki/resource/R27648	http://www.openkg.cn/2019-nCoV/health/resource/R6252	1.0
373	http://www.openkg.cn/COVID-19/wiki/resource/R2774	http://www.openkg.cn/2019-nCoV/health/resource/R7071	1.0
374	http://www.openkg.cn/COVID-19/wiki/resource/R2775	http://www.openkg.cn/2019-nCoV/health/resource/R6242	1.0
375	http://www.openkg.cn/COVID-19/wiki/resource/R27830	http://www.openkg.cn/2019-nCoV/health/resource/R6857	1.0
376	http://www.openkg.cn/COVID-19/wiki/resource/R27837	http://www.openkg.cn/2019-nCoV/health/resource/R6408	1.0
377	http://www.openkg.cn/COVID-19/wiki/resource/R27842	http://www.openkg.cn/2019-nCoV/health/resource/R6763	1.0
378	http://www.openkg.cn/COVID-19/wiki/resource/R27856	http://www.openkg.cn/2019-nCoV/health/resource/R6574	1.0
379	http://www.openkg.cn/COVID-19/wiki/resource/R2788	http://www.openkg.cn/2019-nCoV/health/resource/R7042	1.0
380	http://www.openkg.cn/COVID-19/wiki/resource/R2795	http://www.openkg.cn/2019-nCoV/health/resource/R6949	1.0
381	http://www.openkg.cn/COVID-19/wiki/resource/R2807	http://www.openkg.cn/2019-nCoV/health/resource/R4241	1.0
382	http://www.openkg.cn/COVID-19/wiki/resource/R2825	http://www.openkg.cn/2019-nCoV/health/resource/R6977	1.0
383	http://www.openkg.cn/COVID-19/wiki/resource/R28279	http://www.openkg.cn/2019-nCoV/health/resource/R6531	1.0
384	http://www.openkg.cn/COVID-19/wiki/resource/R28399	http://www.openkg.cn/2019-nCoV/health/resource/R3377	1.0
385	http://www.openkg.cn/COVID-19/wiki/resource/R2860	http://www.openkg.cn/2019-nCoV/health/resource/R6719	1.0
386	http://www.openkg.cn/COVID-19/wiki/resource/R2866	http://www.openkg.cn/2019-nCoV/health/resource/R6638	1.0
387	http://www.openkg.cn/COVID-19/wiki/resource/R2869	http://www.openkg.cn/2019-nCoV/health/resource/R6851	1.0
388	http://www.openkg.cn/COVID-19/wiki/resource/R2882	http://www.openkg.cn/2019-nCoV/health/resource/R6252	1.0
389	http://www.openkg.cn/COVID-19/wiki/resource/R28878	http://www.openkg.cn/2019-nCoV/health/resource/R6591	1.0
390	http://www.openkg.cn/COVID-19/wiki/resource/R28881	http://www.openkg.cn/2019-nCoV/health/resource/R6349	1.0
391	http://www.openkg.cn/COVID-19/wiki/resource/R28934	http://www.openkg.cn/2019-nCoV/health/resource/R6328	1.0
392	http://www.openkg.cn/COVID-19/wiki/resource/R2902	http://www.openkg.cn/2019-nCoV/health/resource/R7046	1.0
393	http://www.openkg.cn/COVID-19/wiki/resource/R29098	http://www.openkg.cn/2019-nCoV/health/resource/R6542	1.0
394	http://www.openkg.cn/COVID-19/wiki/resource/R29193	http://www.openkg.cn/2019-nCoV/health/resource/R4665	1.0
395	http://www.openkg.cn/COVID-19/wiki/resource/R29225	http://www.openkg.cn/2019-nCoV/health/resource/R6207	1.0
396	http://www.openkg.cn/COVID-19/wiki/resource/R29251	http://www.openkg.cn/2019-nCoV/health/resource/R6420	1.0
397	http://www.openkg.cn/COVID-19/wiki/resource/R29272	http://www.openkg.cn/2019-nCoV/health/resource/R6323	1.0
398	http://www.openkg.cn/COVID-19/wiki/resource/R2935	http://www.openkg.cn/2019-nCoV/health/resource/R6950	1.0
399	http://www.openkg.cn/COVID-19/wiki/resource/R2941	http://www.openkg.cn/2019-nCoV/health/resource/R6954	1.0
400	http://www.openkg.cn/COVID-19/wiki/resource/R29413	http://www.openkg.cn/2019-nCoV/health/resource/R6192	1.0
401	http://www.openkg.cn/COVID-19/wiki/resource/R29497	http://www.openkg.cn/2019-nCoV/health/resource/R6487	1.0
402	http://www.openkg.cn/COVID-19/wiki/resource/R2950	http://www.openkg.cn/2019-nCoV/health/resource/R6793	1.0
403	http://www.openkg.cn/COVID-19/wiki/resource/R29567	http://www.openkg.cn/2019-nCoV/health/resource/R6571	1.0
404	http://www.openkg.cn/COVID-19/wiki/resource/R2957	http://www.openkg.cn/2019-nCoV/health/resource/R7082	1.0
405	http://www.openkg.cn/COVID-19/wiki/resource/R2961	http://www.openkg.cn/2019-nCoV/health/resource/R6599	1.0
406	http://www.openkg.cn/COVID-19/wiki/resource/R29635	http://www.openkg.cn/2019-nCoV/health/resource/R6498	1.0
407	http://www.openkg.cn/COVID-19/wiki/resource/R2970	http://www.openkg.cn/2019-nCoV/health/resource/R6867	1.0
408	http://www.openkg.cn/COVID-19/wiki/resource/R2973	http://www.openkg.cn/2019-nCoV/health/resource/R7102	1.0
409	http://www.openkg.cn/COVID-19/wiki/resource/R2974	http://www.openkg.cn/2019-nCoV/health/resource/R6556	1.0
410	http://www.openkg.cn/COVID-19/wiki/resource/R29764	http://www.openkg.cn/2019-nCoV/health/resource/R294	1.0
411	http://www.openkg.cn/COVID-19/wiki/resource/R29815	http://www.openkg.cn/2019-nCoV/health/resource/R6220	1.0
412	http://www.openkg.cn/COVID-19/wiki/resource/R2984	http://www.openkg.cn/2019-nCoV/health/resource/R7096	1.0
413	http://www.openkg.cn/COVID-19/wiki/resource/R29955	http://www.openkg.cn/2019-nCoV/health/resource/R6580	1.0
414	http://www.openkg.cn/COVID-19/wiki/resource/R3001	http://www.openkg.cn/2019-nCoV/health/resource/R6870	1.0
415	http://www.openkg.cn/COVID-19/wiki/resource/R30036	http://www.openkg.cn/2019-nCoV/health/resource/R7003	1.0
416	http://www.openkg.cn/COVID-19/wiki/resource/R30065	http://www.openkg.cn/2019-nCoV/health/resource/R6444	1.0
417	http://www.openkg.cn/COVID-19/wiki/resource/R30237	http://www.openkg.cn/2019-nCoV/health/resource/R6456	1.0
418	http://www.openkg.cn/COVID-19/wiki/resource/R3026	http://www.openkg.cn/2019-nCoV/health/resource/R7038	1.0
419	http://www.openkg.cn/COVID-19/wiki/resource/R3035	http://www.openkg.cn/2019-nCoV/health/resource/R6999	1.0
420	http://www.openkg.cn/COVID-19/wiki/resource/R3038	http://www.openkg.cn/2019-nCoV/health/resource/R7060	1.0
421	http://www.openkg.cn/COVID-19/wiki/resource/R30411	http://www.openkg.cn/2019-nCoV/health/resource/R6952	1.0
422	http://www.openkg.cn/COVID-19/wiki/resource/R30417	http://www.openkg.cn/2019-nCoV/health/resource/R6740	1.0
423	http://www.openkg.cn/COVID-19/wiki/resource/R30418	http://www.openkg.cn/2019-nCoV/health/resource/R6366	1.0
424	http://www.openkg.cn/COVID-19/wiki/resource/R30443	http://www.openkg.cn/2019-nCoV/health/resource/R5589	1.0
425	http://www.openkg.cn/COVID-19/wiki/resource/R30447	http://www.openkg.cn/2019-nCoV/health/resource/R6209	1.0
426	http://www.openkg.cn/COVID-19/wiki/resource/R3045	http://www.openkg.cn/2019-nCoV/health/resource/R6822	1.0
427	http://www.openkg.cn/COVID-19/wiki/resource/R3050	http://www.openkg.cn/2019-nCoV/health/resource/R6860	1.0
428	http://www.openkg.cn/COVID-19/wiki/resource/R30580	http://www.openkg.cn/2019-nCoV/health/resource/R6382	1.0
429	http://www.openkg.cn/COVID-19/wiki/resource/R3061	http://www.openkg.cn/2019-nCoV/health/resource/R6972	1.0
430	http://www.openkg.cn/COVID-19/wiki/resource/R30613	http://www.openkg.cn/2019-nCoV/health/resource/R6547	1.0
431	http://www.openkg.cn/COVID-19/wiki/resource/R3065	http://www.openkg.cn/2019-nCoV/health/resource/R6862	1.0
432	http://www.openkg.cn/COVID-19/wiki/resource/R3066	http://www.openkg.cn/2019-nCoV/health/resource/R7029	1.0
433	http://www.openkg.cn/COVID-19/wiki/resource/R3070	http://www.openkg.cn/2019-nCoV/health/resource/R6602	1.0
434	http://www.openkg.cn/COVID-19/wiki/resource/R3071	http://www.openkg.cn/2019-nCoV/health/resource/R6951	1.0
435	http://www.openkg.cn/COVID-19/wiki/resource/R30710	http://www.openkg.cn/2019-nCoV/health/resource/R6565	1.0
436	http://www.openkg.cn/COVID-19/wiki/resource/R3073	http://www.openkg.cn/2019-nCoV/health/resource/R6776	1.0
437	http://www.openkg.cn/COVID-19/wiki/resource/R3078	http://www.openkg.cn/2019-nCoV/health/resource/R1627	1.0
438	http://www.openkg.cn/COVID-19/wiki/resource/R30808	http://www.openkg.cn/2019-nCoV/health/resource/R6524	1.0
439	http://www.openkg.cn/COVID-19/wiki/resource/R3084	http://www.openkg.cn/2019-nCoV/health/resource/R6742	1.0
440	http://www.openkg.cn/COVID-19/wiki/resource/R30848	http://www.openkg.cn/2019-nCoV/health/resource/R6769	1.0
441	http://www.openkg.cn/COVID-19/wiki/resource/R3086	http://www.openkg.cn/2019-nCoV/health/resource/R6840	1.0
442	http://www.openkg.cn/COVID-19/wiki/resource/R3087	http://www.openkg.cn/2019-nCoV/health/resource/R5574	1.0
443	http://www.openkg.cn/COVID-19/wiki/resource/R30870	http://www.openkg.cn/2019-nCoV/health/resource/R6208	1.0
444	http://www.openkg.cn/COVID-19/wiki/resource/R30928	http://www.openkg.cn/2019-nCoV/health/resource/R7035	1.0
445	http://www.openkg.cn/COVID-19/wiki/resource/R30933	http://www.openkg.cn/2019-nCoV/health/resource/R6529	1.0
446	http://www.openkg.cn/COVID-19/wiki/resource/R30943	http://www.openkg.cn/2019-nCoV/health/resource/R7007	1.0
447	http://www.openkg.cn/COVID-19/wiki/resource/R30952	http://www.openkg.cn/2019-nCoV/health/resource/R7097	1.0
448	http://www.openkg.cn/COVID-19/wiki/resource/R3097	http://www.openkg.cn/2019-nCoV/health/resource/R6743	1.0
449	http://www.openkg.cn/COVID-19/wiki/resource/R3098	http://www.openkg.cn/2019-nCoV/health/resource/R7002	1.0
450	http://www.openkg.cn/COVID-19/wiki/resource/R31045	http://www.openkg.cn/2019-nCoV/health/resource/R6348	1.0
451	http://www.openkg.cn/COVID-19/wiki/resource/R3109	http://www.openkg.cn/2019-nCoV/health/resource/R6752	1.0
452	http://www.openkg.cn/COVID-19/wiki/resource/R31105	http://www.openkg.cn/2019-nCoV/health/resource/R6296	1.0
453	http://www.openkg.cn/COVID-19/wiki/resource/R3112	http://www.openkg.cn/2019-nCoV/health/resource/R6690	1.0
454	http://www.openkg.cn/COVID-19/wiki/resource/R31131	http://www.openkg.cn/2019-nCoV/health/resource/R6860	1.0
455	http://www.openkg.cn/COVID-19/wiki/resource/R3119	http://www.openkg.cn/2019-nCoV/health/resource/R6963	1.0
456	http://www.openkg.cn/COVID-19/wiki/resource/R3124	http://www.openkg.cn/2019-nCoV/health/resource/R6940	1.0
457	http://www.openkg.cn/COVID-19/wiki/resource/R31245	http://www.openkg.cn/2019-nCoV/health/resource/R6385	1.0
458	http://www.openkg.cn/COVID-19/wiki/resource/R31343	http://www.openkg.cn/2019-nCoV/health/resource/R6258	1.0
459	http://www.openkg.cn/COVID-19/wiki/resource/R3135	http://www.openkg.cn/2019-nCoV/health/resource/R6774	1.0
460	http://www.openkg.cn/COVID-19/wiki/resource/R3139	http://www.openkg.cn/2019-nCoV/health/resource/R6703	1.0
461	http://www.openkg.cn/COVID-19/wiki/resource/R31414	http://www.openkg.cn/2019-nCoV/health/resource/R6435	1.0
462	http://www.openkg.cn/COVID-19/wiki/resource/R31433	http://www.openkg.cn/2019-nCoV/health/resource/R6485	1.0
463	http://www.openkg.cn/COVID-19/wiki/resource/R31452	http://www.openkg.cn/2019-nCoV/health/resource/R6584	1.0
464	http://www.openkg.cn/COVID-19/wiki/resource/R31466	http://www.openkg.cn/2019-nCoV/health/resource/R6168	1.0
465	http://www.openkg.cn/COVID-19/wiki/resource/R3150	http://www.openkg.cn/2019-nCoV/health/resource/R7070	1.0
466	http://www.openkg.cn/COVID-19/wiki/resource/R3152	http://www.openkg.cn/2019-nCoV/health/resource/R6640	1.0
467	http://www.openkg.cn/COVID-19/wiki/resource/R3157	http://www.openkg.cn/2019-nCoV/health/resource/R6633	1.0
468	http://www.openkg.cn/COVID-19/wiki/resource/R3165	http://www.openkg.cn/2019-nCoV/health/resource/R6745	1.0
469	http://www.openkg.cn/COVID-19/wiki/resource/R31742	http://www.openkg.cn/2019-nCoV/health/resource/R6422	1.0
470	http://www.openkg.cn/COVID-19/wiki/resource/R31752	http://www.openkg.cn/2019-nCoV/health/resource/R6663	1.0
471	http://www.openkg.cn/COVID-19/wiki/resource/R31761	http://www.openkg.cn/2019-nCoV/health/resource/R6719	1.0
472	http://www.openkg.cn/COVID-19/wiki/resource/R31778	http://www.openkg.cn/2019-nCoV/health/resource/R6575	1.0
473	http://www.openkg.cn/COVID-19/wiki/resource/R31806	http://www.openkg.cn/2019-nCoV/health/resource/R6715	1.0
474	http://www.openkg.cn/COVID-19/wiki/resource/R3191	http://www.openkg.cn/2019-nCoV/health/resource/R6647	1.0
475	http://www.openkg.cn/COVID-19/wiki/resource/R31919	http://www.openkg.cn/2019-nCoV/health/resource/R6457	1.0
476	http://www.openkg.cn/COVID-19/wiki/resource/R3196	http://www.openkg.cn/2019-nCoV/health/resource/R1231	1.0
477	http://www.openkg.cn/COVID-19/wiki/resource/R32029	http://www.openkg.cn/2019-nCoV/health/resource/R6533	1.0
478	http://www.openkg.cn/COVID-19/wiki/resource/R32042	http://www.openkg.cn/2019-nCoV/health/resource/R3220	1.0
479	http://www.openkg.cn/COVID-19/wiki/resource/R3209	http://www.openkg.cn/2019-nCoV/health/resource/R6873	1.0
480	http://www.openkg.cn/COVID-19/wiki/resource/R3214	http://www.openkg.cn/2019-nCoV/health/resource/R6986	1.0
481	http://www.openkg.cn/COVID-19/wiki/resource/R32227	http://www.openkg.cn/2019-nCoV/health/resource/R6342	1.0
482	http://www.openkg.cn/COVID-19/wiki/resource/R3224	http://www.openkg.cn/2019-nCoV/health/resource/R6773	1.0
483	http://www.openkg.cn/COVID-19/wiki/resource/R32301	http://www.openkg.cn/2019-nCoV/health/resource/R6540	1.0
484	http://www.openkg.cn/COVID-19/wiki/resource/R32302	http://www.openkg.cn/2019-nCoV/health/resource/R6556	1.0
485	http://www.openkg.cn/COVID-19/wiki/resource/R32330	http://www.openkg.cn/2019-nCoV/health/resource/R6270	1.0
486	http://www.openkg.cn/COVID-19/wiki/resource/R3242	http://www.openkg.cn/2019-nCoV/health/resource/R7058	1.0
487	http://www.openkg.cn/COVID-19/wiki/resource/R32441	http://www.openkg.cn/2019-nCoV/health/resource/R6431	1.0
488	http://www.openkg.cn/COVID-19/wiki/resource/R3247	http://www.openkg.cn/2019-nCoV/health/resource/R6704	1.0
489	http://www.openkg.cn/COVID-19/wiki/resource/R32511	http://www.openkg.cn/2019-nCoV/health/resource/R6733	1.0
490	http://www.openkg.cn/COVID-19/wiki/resource/R3252	http://www.openkg.cn/2019-nCoV/health/resource/R6783	1.0
491	http://www.openkg.cn/COVID-19/wiki/resource/R3254	http://www.openkg.cn/2019-nCoV/health/resource/R6996	1.0
492	http://www.openkg.cn/COVID-19/wiki/resource/R32573	http://www.openkg.cn/2019-nCoV/health/resource/R7091	1.0
493	http://www.openkg.cn/COVID-19/wiki/resource/R3260	http://www.openkg.cn/2019-nCoV/health/resource/R7067	1.0
494	http://www.openkg.cn/COVID-19/wiki/resource/R3268	http://www.openkg.cn/2019-nCoV/health/resource/R6946	1.0
495	http://www.openkg.cn/COVID-19/wiki/resource/R3273	http://www.openkg.cn/2019-nCoV/health/resource/R6710	1.0
496	http://www.openkg.cn/COVID-19/wiki/resource/R32763	http://www.openkg.cn/2019-nCoV/health/resource/R6263	1.0
497	http://www.openkg.cn/COVID-19/wiki/resource/R3282	http://www.openkg.cn/2019-nCoV/health/resource/R6952	1.0
498	http://www.openkg.cn/COVID-19/wiki/resource/R32844	http://www.openkg.cn/2019-nCoV/health/resource/R6326	1.0
499	http://www.openkg.cn/COVID-19/wiki/resource/R32864	http://www.openkg.cn/2019-nCoV/health/resource/R6298	1.0
500	http://www.openkg.cn/COVID-19/wiki/resource/R33126	http://www.openkg.cn/2019-nCoV/health/resource/R6272	1.0
501	http://www.openkg.cn/COVID-19/wiki/resource/R33153	http://www.openkg.cn/2019-nCoV/health/resource/R6783	1.0
502	http://www.openkg.cn/COVID-19/wiki/resource/R3322	http://www.openkg.cn/2019-nCoV/health/resource/R7020	1.0
503	http://www.openkg.cn/COVID-19/wiki/resource/R3332	http://www.openkg.cn/2019-nCoV/health/resource/R7087	1.0
504	http://www.openkg.cn/COVID-19/wiki/resource/R33402	http://www.openkg.cn/2019-nCoV/health/resource/R5880	1.0
505	http://www.openkg.cn/COVID-19/wiki/resource/R33415	http://www.openkg.cn/2019-nCoV/health/resource/R6511	1.0
506	http://www.openkg.cn/COVID-19/wiki/resource/R33421	http://www.openkg.cn/2019-nCoV/health/resource/R6364	1.0
507	http://www.openkg.cn/COVID-19/wiki/resource/R33467	http://www.openkg.cn/2019-nCoV/health/resource/R6186	1.0
508	http://www.openkg.cn/COVID-19/wiki/resource/R33518	http://www.openkg.cn/2019-nCoV/health/resource/R6483	1.0
509	http://www.openkg.cn/COVID-19/wiki/resource/R33590	http://www.openkg.cn/2019-nCoV/health/resource/R6354	1.0
510	http://www.openkg.cn/COVID-19/wiki/resource/R33601	http://www.openkg.cn/2019-nCoV/health/resource/R6395	1.0
511	http://www.openkg.cn/COVID-19/wiki/resource/R3362	http://www.openkg.cn/2019-nCoV/health/resource/R7003	1.0
512	http://www.openkg.cn/COVID-19/wiki/resource/R3366	http://www.openkg.cn/2019-nCoV/health/resource/R6179	1.0
513	http://www.openkg.cn/COVID-19/wiki/resource/R33668	http://www.openkg.cn/2019-nCoV/health/resource/R6372	1.0
514	http://www.openkg.cn/COVID-19/wiki/resource/R3378	http://www.openkg.cn/2019-nCoV/health/resource/R6718	1.0
515	http://www.openkg.cn/COVID-19/wiki/resource/R3383	http://www.openkg.cn/2019-nCoV/health/resource/R6927	1.0
516	http://www.openkg.cn/COVID-19/wiki/resource/R33857	http://www.openkg.cn/2019-nCoV/health/resource/R6222	1.0
517	http://www.openkg.cn/COVID-19/wiki/resource/R3387	http://www.openkg.cn/2019-nCoV/health/resource/R6784	1.0
518	http://www.openkg.cn/COVID-19/wiki/resource/R33871	http://www.openkg.cn/2019-nCoV/health/resource/R6453	1.0
519	http://www.openkg.cn/COVID-19/wiki/resource/R33874	http://www.openkg.cn/2019-nCoV/health/resource/R6240	1.0
520	http://www.openkg.cn/COVID-19/wiki/resource/R3392	http://www.openkg.cn/2019-nCoV/health/resource/R6876	1.0
521	http://www.openkg.cn/COVID-19/wiki/resource/R33924	http://www.openkg.cn/2019-nCoV/health/resource/R6449	1.0
522	http://www.openkg.cn/COVID-19/wiki/resource/R3393	http://www.openkg.cn/2019-nCoV/health/resource/R6866	1.0
523	http://www.openkg.cn/COVID-19/wiki/resource/R33940	http://www.openkg.cn/2019-nCoV/health/resource/R6288	1.0
524	http://www.openkg.cn/COVID-19/wiki/resource/R33943	http://www.openkg.cn/2019-nCoV/health/resource/R6305	1.0
525	http://www.openkg.cn/COVID-19/wiki/resource/R3395	http://www.openkg.cn/2019-nCoV/health/resource/R7007	1.0
526	http://www.openkg.cn/COVID-19/wiki/resource/R33993	http://www.openkg.cn/2019-nCoV/health/resource/R6166	1.0
527	http://www.openkg.cn/COVID-19/wiki/resource/R3402	http://www.openkg.cn/2019-nCoV/health/resource/R6825	1.0
528	http://www.openkg.cn/COVID-19/wiki/resource/R3407	http://www.openkg.cn/2019-nCoV/health/resource/R6666	1.0
529	http://www.openkg.cn/COVID-19/wiki/resource/R3409	http://www.openkg.cn/2019-nCoV/health/resource/R2817	1.0
530	http://www.openkg.cn/COVID-19/wiki/resource/R34147	http://www.openkg.cn/2019-nCoV/health/resource/R6536	1.0
531	http://www.openkg.cn/COVID-19/wiki/resource/R3415	http://www.openkg.cn/2019-nCoV/health/resource/R7050	1.0
532	http://www.openkg.cn/COVID-19/wiki/resource/R3417	http://www.openkg.cn/2019-nCoV/health/resource/R6846	1.0
533	http://www.openkg.cn/COVID-19/wiki/resource/R3422	http://www.openkg.cn/2019-nCoV/health/resource/R6836	1.0
534	http://www.openkg.cn/COVID-19/wiki/resource/R3423	http://www.openkg.cn/2019-nCoV/health/resource/R7054	1.0
535	http://www.openkg.cn/COVID-19/wiki/resource/R34247	http://www.openkg.cn/2019-nCoV/health/resource/R6230	1.0
536	http://www.openkg.cn/COVID-19/wiki/resource/R3430	http://www.openkg.cn/2019-nCoV/health/resource/R6615	1.0
537	http://www.openkg.cn/COVID-19/wiki/resource/R3444	http://www.openkg.cn/2019-nCoV/health/resource/R6604	1.0
538	http://www.openkg.cn/COVID-19/wiki/resource/R3445	http://www.openkg.cn/2019-nCoV/health/resource/R7079	1.0
539	http://www.openkg.cn/COVID-19/wiki/resource/R3447	http://www.openkg.cn/2019-nCoV/health/resource/R6992	1.0
540	http://www.openkg.cn/COVID-19/wiki/resource/R3448	http://www.openkg.cn/2019-nCoV/health/resource/R6962	1.0
541	http://www.openkg.cn/COVID-19/wiki/resource/R3450	http://www.openkg.cn/2019-nCoV/health/resource/R6756	1.0
542	http://www.openkg.cn/COVID-19/wiki/resource/R3458	http://www.openkg.cn/2019-nCoV/health/resource/R6721	1.0
543	http://www.openkg.cn/COVID-19/wiki/resource/R3461	http://www.openkg.cn/2019-nCoV/health/resource/R6707	1.0
544	http://www.openkg.cn/COVID-19/wiki/resource/R3466	http://www.openkg.cn/2019-nCoV/health/resource/R6720	1.0
545	http://www.openkg.cn/COVID-19/wiki/resource/R3470	http://www.openkg.cn/2019-nCoV/health/resource/R6916	1.0
546	http://www.openkg.cn/COVID-19/wiki/resource/R3475	http://www.openkg.cn/2019-nCoV/health/resource/R7033	1.0
547	http://www.openkg.cn/COVID-19/wiki/resource/R3480	http://www.openkg.cn/2019-nCoV/health/resource/R6945	1.0
548	http://www.openkg.cn/COVID-19/wiki/resource/R3487	http://www.openkg.cn/2019-nCoV/health/resource/R6761	1.0
549	http://www.openkg.cn/COVID-19/wiki/resource/R3489	http://www.openkg.cn/2019-nCoV/health/resource/R6880	1.0
550	http://www.openkg.cn/COVID-19/wiki/resource/R3495	http://www.openkg.cn/2019-nCoV/health/resource/R6853	1.0
551	http://www.openkg.cn/COVID-19/wiki/resource/R3496	http://www.openkg.cn/2019-nCoV/health/resource/R6796	1.0
552	http://www.openkg.cn/COVID-19/wiki/resource/R3498	http://www.openkg.cn/2019-nCoV/health/resource/R6420	1.0
553	http://www.openkg.cn/COVID-19/wiki/resource/R3502	http://www.openkg.cn/2019-nCoV/health/resource/R1723	1.0
554	http://www.openkg.cn/COVID-19/wiki/resource/R3507	http://www.openkg.cn/2019-nCoV/health/resource/R6938	1.0
555	http://www.openkg.cn/COVID-19/wiki/resource/R3524	http://www.openkg.cn/2019-nCoV/health/resource/R6563	1.0
556	http://www.openkg.cn/COVID-19/wiki/resource/R3526	http://www.openkg.cn/2019-nCoV/health/resource/R7103	1.0
557	http://www.openkg.cn/COVID-19/wiki/resource/R3545	http://www.openkg.cn/2019-nCoV/health/resource/R6509	1.0
558	http://www.openkg.cn/COVID-19/wiki/resource/R3548	http://www.openkg.cn/2019-nCoV/health/resource/R6799	1.0
559	http://www.openkg.cn/COVID-19/wiki/resource/R35602	http://www.openkg.cn/2019-nCoV/health/resource/R7075	1.0
560	http://www.openkg.cn/COVID-19/wiki/resource/R3566	http://www.openkg.cn/2019-nCoV/health/resource/R7097	1.0
561	http://www.openkg.cn/COVID-19/wiki/resource/R35668	http://www.openkg.cn/2019-nCoV/health/resource/R6241	1.0
562	http://www.openkg.cn/COVID-19/wiki/resource/R3568	http://www.openkg.cn/2019-nCoV/health/resource/R7024	1.0
563	http://www.openkg.cn/COVID-19/wiki/resource/R3573	http://www.openkg.cn/2019-nCoV/health/resource/R6857	1.0
564	http://www.openkg.cn/COVID-19/wiki/resource/R35853	http://www.openkg.cn/2019-nCoV/health/resource/R6474	1.0
565	http://www.openkg.cn/COVID-19/wiki/resource/R35870	http://www.openkg.cn/2019-nCoV/health/resource/R6544	1.0
566	http://www.openkg.cn/COVID-19/wiki/resource/R35934	http://www.openkg.cn/2019-nCoV/health/resource/R6252	1.0
567	http://www.openkg.cn/COVID-19/wiki/resource/R3599	http://www.openkg.cn/2019-nCoV/health/resource/R3754	1.0
568	http://www.openkg.cn/COVID-19/wiki/resource/R3602	http://www.openkg.cn/2019-nCoV/health/resource/R6794	1.0
569	http://www.openkg.cn/COVID-19/wiki/resource/R3604	http://www.openkg.cn/2019-nCoV/health/resource/R6607	1.0
570	http://www.openkg.cn/COVID-19/wiki/resource/R3606	http://www.openkg.cn/2019-nCoV/health/resource/R6327	1.0
571	http://www.openkg.cn/COVID-19/wiki/resource/R3607	http://www.openkg.cn/2019-nCoV/health/resource/R6914	1.0
572	http://www.openkg.cn/COVID-19/wiki/resource/R36116	http://www.openkg.cn/2019-nCoV/health/resource/R6857	1.0
573	http://www.openkg.cn/COVID-19/wiki/resource/R36123	http://www.openkg.cn/2019-nCoV/health/resource/R6408	1.0
574	http://www.openkg.cn/COVID-19/wiki/resource/R36128	http://www.openkg.cn/2019-nCoV/health/resource/R6763	1.0
575	http://www.openkg.cn/COVID-19/wiki/resource/R36142	http://www.openkg.cn/2019-nCoV/health/resource/R6574	1.0
576	http://www.openkg.cn/COVID-19/wiki/resource/R3630	http://www.openkg.cn/2019-nCoV/health/resource/R6754	1.0
577	http://www.openkg.cn/COVID-19/wiki/resource/R3651	http://www.openkg.cn/2019-nCoV/health/resource/R7076	1.0
578	http://www.openkg.cn/COVID-19/wiki/resource/R36565	http://www.openkg.cn/2019-nCoV/health/resource/R6531	1.0
579	http://www.openkg.cn/COVID-19/wiki/resource/R3664	http://www.openkg.cn/2019-nCoV/health/resource/R6920	1.0
580	http://www.openkg.cn/COVID-19/wiki/resource/R36685	http://www.openkg.cn/2019-nCoV/health/resource/R3377	1.0
581	http://www.openkg.cn/COVID-19/wiki/resource/R3686	http://www.openkg.cn/2019-nCoV/health/resource/R6700	1.0
582	http://www.openkg.cn/COVID-19/wiki/resource/R3694	http://www.openkg.cn/2019-nCoV/health/resource/R6973	1.0
583	http://www.openkg.cn/COVID-19/wiki/resource/R3715	http://www.openkg.cn/2019-nCoV/health/resource/R6610	1.0
584	http://www.openkg.cn/COVID-19/wiki/resource/R3716	http://www.openkg.cn/2019-nCoV/health/resource/R6798	1.0
585	http://www.openkg.cn/COVID-19/wiki/resource/R37164	http://www.openkg.cn/2019-nCoV/health/resource/R6591	1.0
586	http://www.openkg.cn/COVID-19/wiki/resource/R37167	http://www.openkg.cn/2019-nCoV/health/resource/R6349	1.0
587	http://www.openkg.cn/COVID-19/wiki/resource/R3721	http://www.openkg.cn/2019-nCoV/health/resource/R6596	1.0
588	http://www.openkg.cn/COVID-19/wiki/resource/R37220	http://www.openkg.cn/2019-nCoV/health/resource/R6328	1.0
589	http://www.openkg.cn/COVID-19/wiki/resource/R3725	http://www.openkg.cn/2019-nCoV/health/resource/R7083	1.0
590	http://www.openkg.cn/COVID-19/wiki/resource/R37384	http://www.openkg.cn/2019-nCoV/health/resource/R6542	1.0
591	http://www.openkg.cn/COVID-19/wiki/resource/R3739	http://www.openkg.cn/2019-nCoV/health/resource/R6737	1.0
592	http://www.openkg.cn/COVID-19/wiki/resource/R3743	http://www.openkg.cn/2019-nCoV/health/resource/R6660	1.0
593	http://www.openkg.cn/COVID-19/wiki/resource/R3745	http://www.openkg.cn/2019-nCoV/health/resource/R6717	1.0
594	http://www.openkg.cn/COVID-19/wiki/resource/R3746	http://www.openkg.cn/2019-nCoV/health/resource/R6214	1.0
595	http://www.openkg.cn/COVID-19/wiki/resource/R37479	http://www.openkg.cn/2019-nCoV/health/resource/R4665	1.0
596	http://www.openkg.cn/COVID-19/wiki/resource/R37511	http://www.openkg.cn/2019-nCoV/health/resource/R6207	1.0
597	http://www.openkg.cn/COVID-19/wiki/resource/R37537	http://www.openkg.cn/2019-nCoV/health/resource/R6420	1.0
598	http://www.openkg.cn/COVID-19/wiki/resource/R37558	http://www.openkg.cn/2019-nCoV/health/resource/R6323	1.0
599	http://www.openkg.cn/COVID-19/wiki/resource/R37699	http://www.openkg.cn/2019-nCoV/health/resource/R6192	1.0
600	http://www.openkg.cn/COVID-19/wiki/resource/R37783	http://www.openkg.cn/2019-nCoV/health/resource/R6487	1.0
601	http://www.openkg.cn/COVID-19/wiki/resource/R37853	http://www.openkg.cn/2019-nCoV/health/resource/R6571	1.0
602	http://www.openkg.cn/COVID-19/wiki/resource/R3788	http://www.openkg.cn/2019-nCoV/health/resource/R6699	1.0
603	http://www.openkg.cn/COVID-19/wiki/resource/R37921	http://www.openkg.cn/2019-nCoV/health/resource/R6498	1.0
604	http://www.openkg.cn/COVID-19/wiki/resource/R3794	http://www.openkg.cn/2019-nCoV/health/resource/R6659	1.0
605	http://www.openkg.cn/COVID-19/wiki/resource/R3800	http://www.openkg.cn/2019-nCoV/health/resource/R6907	1.0
606	http://www.openkg.cn/COVID-19/wiki/resource/R38050	http://www.openkg.cn/2019-nCoV/health/resource/R294	1.0
607	http://www.openkg.cn/COVID-19/wiki/resource/R3809	http://www.openkg.cn/2019-nCoV/health/resource/R1833	1.0
608	http://www.openkg.cn/COVID-19/wiki/resource/R38101	http://www.openkg.cn/2019-nCoV/health/resource/R6220	1.0
609	http://www.openkg.cn/COVID-19/wiki/resource/R3816	http://www.openkg.cn/2019-nCoV/health/resource/R6895	1.0
610	http://www.openkg.cn/COVID-19/wiki/resource/R3824	http://www.openkg.cn/2019-nCoV/health/resource/R6893	1.0
611	http://www.openkg.cn/COVID-19/wiki/resource/R38241	http://www.openkg.cn/2019-nCoV/health/resource/R6580	1.0
612	http://www.openkg.cn/COVID-19/wiki/resource/R3827	http://www.openkg.cn/2019-nCoV/health/resource/R7037	1.0
613	http://www.openkg.cn/COVID-19/wiki/resource/R3829	http://www.openkg.cn/2019-nCoV/health/resource/R6803	1.0
614	http://www.openkg.cn/COVID-19/wiki/resource/R3832	http://www.openkg.cn/2019-nCoV/health/resource/R6932	1.0
615	http://www.openkg.cn/COVID-19/wiki/resource/R38322	http://www.openkg.cn/2019-nCoV/health/resource/R7003	1.0
616	http://www.openkg.cn/COVID-19/wiki/resource/R38351	http://www.openkg.cn/2019-nCoV/health/resource/R6444	1.0
617	http://www.openkg.cn/COVID-19/wiki/resource/R3840	http://www.openkg.cn/2019-nCoV/health/resource/R6900	1.0
618	http://www.openkg.cn/COVID-19/wiki/resource/R3845	http://www.openkg.cn/2019-nCoV/health/resource/R6749	1.0
619	http://www.openkg.cn/COVID-19/wiki/resource/R3848	http://www.openkg.cn/2019-nCoV/health/resource/R6974	1.0
620	http://www.openkg.cn/COVID-19/wiki/resource/R38523	http://www.openkg.cn/2019-nCoV/health/resource/R6456	1.0
621	http://www.openkg.cn/COVID-19/wiki/resource/R38697	http://www.openkg.cn/2019-nCoV/health/resource/R6952	1.0
622	http://www.openkg.cn/COVID-19/wiki/resource/R38703	http://www.openkg.cn/2019-nCoV/health/resource/R6740	1.0
623	http://www.openkg.cn/COVID-19/wiki/resource/R38704	http://www.openkg.cn/2019-nCoV/health/resource/R6366	1.0
624	http://www.openkg.cn/COVID-19/wiki/resource/R38729	http://www.openkg.cn/2019-nCoV/health/resource/R5589	1.0
625	http://www.openkg.cn/COVID-19/wiki/resource/R38733	http://www.openkg.cn/2019-nCoV/health/resource/R6209	1.0
626	http://www.openkg.cn/COVID-19/wiki/resource/R3877	http://www.openkg.cn/2019-nCoV/health/resource/R6731	1.0
627	http://www.openkg.cn/COVID-19/wiki/resource/R3879	http://www.openkg.cn/2019-nCoV/health/resource/R6257	1.0
628	http://www.openkg.cn/COVID-19/wiki/resource/R38866	http://www.openkg.cn/2019-nCoV/health/resource/R6382	1.0
629	http://www.openkg.cn/COVID-19/wiki/resource/R3887	http://www.openkg.cn/2019-nCoV/health/resource/R6930	1.0
630	http://www.openkg.cn/COVID-19/wiki/resource/R3888	http://www.openkg.cn/2019-nCoV/health/resource/R6988	1.0
631	http://www.openkg.cn/COVID-19/wiki/resource/R38899	http://www.openkg.cn/2019-nCoV/health/resource/R6547	1.0
632	http://www.openkg.cn/COVID-19/wiki/resource/R3899	http://www.openkg.cn/2019-nCoV/health/resource/R7051	1.0
633	http://www.openkg.cn/COVID-19/wiki/resource/R38996	http://www.openkg.cn/2019-nCoV/health/resource/R6565	1.0
634	http://www.openkg.cn/COVID-19/wiki/resource/R3901	http://www.openkg.cn/2019-nCoV/health/resource/R6856	1.0
635	http://www.openkg.cn/COVID-19/wiki/resource/R39094	http://www.openkg.cn/2019-nCoV/health/resource/R6524	1.0
636	http://www.openkg.cn/COVID-19/wiki/resource/R39134	http://www.openkg.cn/2019-nCoV/health/resource/R6769	1.0
637	http://www.openkg.cn/COVID-19/wiki/resource/R39156	http://www.openkg.cn/2019-nCoV/health/resource/R6208	1.0
638	http://www.openkg.cn/COVID-19/wiki/resource/R39214	http://www.openkg.cn/2019-nCoV/health/resource/R7035	1.0
639	http://www.openkg.cn/COVID-19/wiki/resource/R39219	http://www.openkg.cn/2019-nCoV/health/resource/R6529	1.0
640	http://www.openkg.cn/COVID-19/wiki/resource/R39229	http://www.openkg.cn/2019-nCoV/health/resource/R7007	1.0
641	http://www.openkg.cn/COVID-19/wiki/resource/R39238	http://www.openkg.cn/2019-nCoV/health/resource/R7097	1.0
642	http://www.openkg.cn/COVID-19/wiki/resource/R3927	http://www.openkg.cn/2019-nCoV/health/resource/R6635	1.0
643	http://www.openkg.cn/COVID-19/wiki/resource/R39331	http://www.openkg.cn/2019-nCoV/health/resource/R6348	1.0
644	http://www.openkg.cn/COVID-19/wiki/resource/R3935	http://www.openkg.cn/2019-nCoV/health/resource/R6961	1.0
645	http://www.openkg.cn/COVID-19/wiki/resource/R39391	http://www.openkg.cn/2019-nCoV/health/resource/R6296	1.0
646	http://www.openkg.cn/COVID-19/wiki/resource/R39417	http://www.openkg.cn/2019-nCoV/health/resource/R6860	1.0
647	http://www.openkg.cn/COVID-19/wiki/resource/R3947	http://www.openkg.cn/2019-nCoV/health/resource/R6579	1.0
648	http://www.openkg.cn/COVID-19/wiki/resource/R3952	http://www.openkg.cn/2019-nCoV/health/resource/R6489	1.0
649	http://www.openkg.cn/COVID-19/wiki/resource/R39531	http://www.openkg.cn/2019-nCoV/health/resource/R6385	1.0
650	http://www.openkg.cn/COVID-19/wiki/resource/R3957	http://www.openkg.cn/2019-nCoV/health/resource/R7073	1.0
651	http://www.openkg.cn/COVID-19/wiki/resource/R3962	http://www.openkg.cn/2019-nCoV/health/resource/R6765	1.0
652	http://www.openkg.cn/COVID-19/wiki/resource/R39629	http://www.openkg.cn/2019-nCoV/health/resource/R6258	1.0
653	http://www.openkg.cn/COVID-19/wiki/resource/R3965	http://www.openkg.cn/2019-nCoV/health/resource/R6780	1.0
654	http://www.openkg.cn/COVID-19/wiki/resource/R39700	http://www.openkg.cn/2019-nCoV/health/resource/R6435	1.0
655	http://www.openkg.cn/COVID-19/wiki/resource/R39719	http://www.openkg.cn/2019-nCoV/health/resource/R6485	1.0
656	http://www.openkg.cn/COVID-19/wiki/resource/R39738	http://www.openkg.cn/2019-nCoV/health/resource/R6584	1.0
657	http://www.openkg.cn/COVID-19/wiki/resource/R39752	http://www.openkg.cn/2019-nCoV/health/resource/R6168	1.0
658	http://www.openkg.cn/COVID-19/wiki/resource/R3993	http://www.openkg.cn/2019-nCoV/health/resource/R6693	1.0
659	http://www.openkg.cn/COVID-19/wiki/resource/R3998	http://www.openkg.cn/2019-nCoV/health/resource/R6814	1.0
660	http://www.openkg.cn/COVID-19/wiki/resource/R40028	http://www.openkg.cn/2019-nCoV/health/resource/R6422	1.0
661	http://www.openkg.cn/COVID-19/wiki/resource/R4003	http://www.openkg.cn/2019-nCoV/health/resource/R6953	1.0
662	http://www.openkg.cn/COVID-19/wiki/resource/R40038	http://www.openkg.cn/2019-nCoV/health/resource/R6663	1.0
663	http://www.openkg.cn/COVID-19/wiki/resource/R40047	http://www.openkg.cn/2019-nCoV/health/resource/R6719	1.0
664	http://www.openkg.cn/COVID-19/wiki/resource/R40064	http://www.openkg.cn/2019-nCoV/health/resource/R6575	1.0
665	http://www.openkg.cn/COVID-19/wiki/resource/R4007	http://www.openkg.cn/2019-nCoV/health/resource/R6273	1.0
666	http://www.openkg.cn/COVID-19/wiki/resource/R40092	http://www.openkg.cn/2019-nCoV/health/resource/R6715	1.0
667	http://www.openkg.cn/COVID-19/wiki/resource/R4019	http://www.openkg.cn/2019-nCoV/health/resource/R6924	1.0
668	http://www.openkg.cn/COVID-19/wiki/resource/R40205	http://www.openkg.cn/2019-nCoV/health/resource/R6457	1.0
669	http://www.openkg.cn/COVID-19/wiki/resource/R4023	http://www.openkg.cn/2019-nCoV/health/resource/R2467	1.0
670	http://www.openkg.cn/COVID-19/wiki/resource/R40315	http://www.openkg.cn/2019-nCoV/health/resource/R6533	1.0
671	http://www.openkg.cn/COVID-19/wiki/resource/R4032	http://www.openkg.cn/2019-nCoV/health/resource/R7084	1.0
672	http://www.openkg.cn/COVID-19/wiki/resource/R40328	http://www.openkg.cn/2019-nCoV/health/resource/R3220	1.0
673	http://www.openkg.cn/COVID-19/wiki/resource/R4043	http://www.openkg.cn/2019-nCoV/health/resource/R6336	1.0
674	http://www.openkg.cn/COVID-19/wiki/resource/R4044	http://www.openkg.cn/2019-nCoV/health/resource/R6240	1.0
675	http://www.openkg.cn/COVID-19/wiki/resource/R4050	http://www.openkg.cn/2019-nCoV/health/resource/R6991	1.0
676	http://www.openkg.cn/COVID-19/wiki/resource/R40513	http://www.openkg.cn/2019-nCoV/health/resource/R6342	1.0
677	http://www.openkg.cn/COVID-19/wiki/resource/R40587	http://www.openkg.cn/2019-nCoV/health/resource/R6540	1.0
678	http://www.openkg.cn/COVID-19/wiki/resource/R40588	http://www.openkg.cn/2019-nCoV/health/resource/R6556	1.0
679	http://www.openkg.cn/COVID-19/wiki/resource/R4059	http://www.openkg.cn/2019-nCoV/health/resource/R7104	1.0
680	http://www.openkg.cn/COVID-19/wiki/resource/R4061	http://www.openkg.cn/2019-nCoV/health/resource/R7094	1.0
681	http://www.openkg.cn/COVID-19/wiki/resource/R40616	http://www.openkg.cn/2019-nCoV/health/resource/R6270	1.0
682	http://www.openkg.cn/COVID-19/wiki/resource/R4066	http://www.openkg.cn/2019-nCoV/health/resource/R6828	1.0
683	http://www.openkg.cn/COVID-19/wiki/resource/R4072	http://www.openkg.cn/2019-nCoV/health/resource/R6879	1.0
684	http://www.openkg.cn/COVID-19/wiki/resource/R40727	http://www.openkg.cn/2019-nCoV/health/resource/R6431	1.0
685	http://www.openkg.cn/COVID-19/wiki/resource/R4078	http://www.openkg.cn/2019-nCoV/health/resource/R6928	1.0
686	http://www.openkg.cn/COVID-19/wiki/resource/R40797	http://www.openkg.cn/2019-nCoV/health/resource/R6733	1.0
687	http://www.openkg.cn/COVID-19/wiki/resource/R4085	http://www.openkg.cn/2019-nCoV/health/resource/R7080	1.0
688	http://www.openkg.cn/COVID-19/wiki/resource/R40859	http://www.openkg.cn/2019-nCoV/health/resource/R7091	1.0
689	http://www.openkg.cn/COVID-19/wiki/resource/R4086	http://www.openkg.cn/2019-nCoV/health/resource/R7099	1.0
690	http://www.openkg.cn/COVID-19/wiki/resource/R4093	http://www.openkg.cn/2019-nCoV/health/resource/R6908	1.0
691	http://www.openkg.cn/COVID-19/wiki/resource/R4098	http://www.openkg.cn/2019-nCoV/health/resource/R6714	1.0
692	http://www.openkg.cn/COVID-19/wiki/resource/R4100	http://www.openkg.cn/2019-nCoV/health/resource/R6806	1.0
693	http://www.openkg.cn/COVID-19/wiki/resource/R4101	http://www.openkg.cn/2019-nCoV/health/resource/R6868	1.0
694	http://www.openkg.cn/COVID-19/wiki/resource/R41049	http://www.openkg.cn/2019-nCoV/health/resource/R6263	1.0
695	http://www.openkg.cn/COVID-19/wiki/resource/R4109	http://www.openkg.cn/2019-nCoV/health/resource/R6904	1.0
696	http://www.openkg.cn/COVID-19/wiki/resource/R4110	http://www.openkg.cn/2019-nCoV/health/resource/R6080	1.0
697	http://www.openkg.cn/COVID-19/wiki/resource/R4113	http://www.openkg.cn/2019-nCoV/health/resource/R6013	1.0
698	http://www.openkg.cn/COVID-19/wiki/resource/R41130	http://www.openkg.cn/2019-nCoV/health/resource/R6326	1.0
699	http://www.openkg.cn/COVID-19/wiki/resource/R41150	http://www.openkg.cn/2019-nCoV/health/resource/R6298	1.0
700	http://www.openkg.cn/COVID-19/wiki/resource/R4124	http://www.openkg.cn/2019-nCoV/health/resource/R6180	1.0
701	http://www.openkg.cn/COVID-19/wiki/resource/R4129	http://www.openkg.cn/2019-nCoV/health/resource/R6173	1.0
702	http://www.openkg.cn/COVID-19/wiki/resource/R41412	http://www.openkg.cn/2019-nCoV/health/resource/R6272	1.0
703	http://www.openkg.cn/COVID-19/wiki/resource/R41439	http://www.openkg.cn/2019-nCoV/health/resource/R6783	1.0
704	http://www.openkg.cn/COVID-19/wiki/resource/R4144	http://www.openkg.cn/2019-nCoV/health/resource/R7092	1.0
705	http://www.openkg.cn/COVID-19/wiki/resource/R4145	http://www.openkg.cn/2019-nCoV/health/resource/R6495	1.0
706	http://www.openkg.cn/COVID-19/wiki/resource/R4150	http://www.openkg.cn/2019-nCoV/health/resource/R7017	1.0
707	http://www.openkg.cn/COVID-19/wiki/resource/R41688	http://www.openkg.cn/2019-nCoV/health/resource/R5880	1.0
708	http://www.openkg.cn/COVID-19/wiki/resource/R41701	http://www.openkg.cn/2019-nCoV/health/resource/R6511	1.0
709	http://www.openkg.cn/COVID-19/wiki/resource/R41707	http://www.openkg.cn/2019-nCoV/health/resource/R6364	1.0
710	http://www.openkg.cn/COVID-19/wiki/resource/R41753	http://www.openkg.cn/2019-nCoV/health/resource/R6186	1.0
711	http://www.openkg.cn/COVID-19/wiki/resource/R41804	http://www.openkg.cn/2019-nCoV/health/resource/R6483	1.0
712	http://www.openkg.cn/COVID-19/wiki/resource/R41876	http://www.openkg.cn/2019-nCoV/health/resource/R6354	1.0
713	http://www.openkg.cn/COVID-19/wiki/resource/R41887	http://www.openkg.cn/2019-nCoV/health/resource/R6395	1.0
714	http://www.openkg.cn/COVID-19/wiki/resource/R4189	http://www.openkg.cn/2019-nCoV/health/resource/R6751	1.0
715	http://www.openkg.cn/COVID-19/wiki/resource/R41954	http://www.openkg.cn/2019-nCoV/health/resource/R6372	1.0
716	http://www.openkg.cn/COVID-19/wiki/resource/R4199	http://www.openkg.cn/2019-nCoV/health/resource/R6985	1.0
717	http://www.openkg.cn/COVID-19/wiki/resource/R4206	http://www.openkg.cn/2019-nCoV/health/resource/R6603	1.0
718	http://www.openkg.cn/COVID-19/wiki/resource/R4210	http://www.openkg.cn/2019-nCoV/health/resource/R6577	1.0
719	http://www.openkg.cn/COVID-19/wiki/resource/R42143	http://www.openkg.cn/2019-nCoV/health/resource/R6222	1.0
720	http://www.openkg.cn/COVID-19/wiki/resource/R42157	http://www.openkg.cn/2019-nCoV/health/resource/R6453	1.0
721	http://www.openkg.cn/COVID-19/wiki/resource/R42160	http://www.openkg.cn/2019-nCoV/health/resource/R6240	1.0
722	http://www.openkg.cn/COVID-19/wiki/resource/R4218	http://www.openkg.cn/2019-nCoV/health/resource/R6771	1.0
723	http://www.openkg.cn/COVID-19/wiki/resource/R42210	http://www.openkg.cn/2019-nCoV/health/resource/R6449	1.0
724	http://www.openkg.cn/COVID-19/wiki/resource/R42226	http://www.openkg.cn/2019-nCoV/health/resource/R6288	1.0
725	http://www.openkg.cn/COVID-19/wiki/resource/R42229	http://www.openkg.cn/2019-nCoV/health/resource/R6305	1.0
726	http://www.openkg.cn/COVID-19/wiki/resource/R4223	http://www.openkg.cn/2019-nCoV/health/resource/R6601	1.0
727	http://www.openkg.cn/COVID-19/wiki/resource/R42279	http://www.openkg.cn/2019-nCoV/health/resource/R6166	1.0
728	http://www.openkg.cn/COVID-19/wiki/resource/R4230	http://www.openkg.cn/2019-nCoV/health/resource/R7091	1.0
729	http://www.openkg.cn/COVID-19/wiki/resource/R42433	http://www.openkg.cn/2019-nCoV/health/resource/R6536	1.0
730	http://www.openkg.cn/COVID-19/wiki/resource/R42533	http://www.openkg.cn/2019-nCoV/health/resource/R6230	1.0
731	http://www.openkg.cn/COVID-19/wiki/resource/R4270	http://www.openkg.cn/2019-nCoV/health/resource/R6764	1.0
732	http://www.openkg.cn/COVID-19/wiki/resource/R4276	http://www.openkg.cn/2019-nCoV/health/resource/R7086	1.0
733	http://www.openkg.cn/COVID-19/wiki/resource/R428	http://www.openkg.cn/2019-nCoV/health/resource/R6205	1.0
734	http://www.openkg.cn/COVID-19/wiki/resource/R4284	http://www.openkg.cn/2019-nCoV/health/resource/R6709	1.0
735	http://www.openkg.cn/COVID-19/wiki/resource/R4290	http://www.openkg.cn/2019-nCoV/health/resource/R6692	1.0
736	http://www.openkg.cn/COVID-19/wiki/resource/R4295	http://www.openkg.cn/2019-nCoV/health/resource/R6901	1.0
737	http://www.openkg.cn/COVID-19/wiki/resource/R4310	http://www.openkg.cn/2019-nCoV/health/resource/R6936	1.0
738	http://www.openkg.cn/COVID-19/wiki/resource/R4313	http://www.openkg.cn/2019-nCoV/health/resource/R7081	1.0
739	http://www.openkg.cn/COVID-19/wiki/resource/R4314	http://www.openkg.cn/2019-nCoV/health/resource/R6769	1.0
740	http://www.openkg.cn/COVID-19/wiki/resource/R4321	http://www.openkg.cn/2019-nCoV/health/resource/R6694	1.0
741	http://www.openkg.cn/COVID-19/wiki/resource/R438	http://www.openkg.cn/2019-nCoV/health/resource/R6251	1.0
742	http://www.openkg.cn/COVID-19/wiki/resource/R43803	http://www.openkg.cn/2019-nCoV/health/resource/R4028	1.0
743	http://www.openkg.cn/COVID-19/wiki/resource/R447	http://www.openkg.cn/2019-nCoV/health/resource/R6851	1.0
744	http://www.openkg.cn/COVID-19/wiki/resource/R453	http://www.openkg.cn/2019-nCoV/health/resource/R6199	1.0
745	http://www.openkg.cn/COVID-19/wiki/resource/R454	http://www.openkg.cn/2019-nCoV/health/resource/R6430	1.0
746	http://www.openkg.cn/COVID-19/wiki/resource/R46093	http://www.openkg.cn/2019-nCoV/health/resource/R766	1.0
747	http://www.openkg.cn/COVID-19/wiki/resource/R462	http://www.openkg.cn/2019-nCoV/health/resource/R6233	1.0
748	http://www.openkg.cn/COVID-19/wiki/resource/R488	http://www.openkg.cn/2019-nCoV/health/resource/R6306	1.0
749	http://www.openkg.cn/COVID-19/wiki/resource/R49979	http://www.openkg.cn/2019-nCoV/health/resource/R2826	1.0
750	http://www.openkg.cn/COVID-19/wiki/resource/R525	http://www.openkg.cn/2019-nCoV/health/resource/R6267	1.0
751	http://www.openkg.cn/COVID-19/wiki/resource/R527	http://www.openkg.cn/2019-nCoV/health/resource/R6406	1.0
752	http://www.openkg.cn/COVID-19/wiki/resource/R5612	http://www.openkg.cn/2019-nCoV/health/resource/R7075	1.0
753	http://www.openkg.cn/COVID-19/wiki/resource/R5678	http://www.openkg.cn/2019-nCoV/health/resource/R6241	1.0
754	http://www.openkg.cn/COVID-19/wiki/resource/R5863	http://www.openkg.cn/2019-nCoV/health/resource/R6474	1.0
755	http://www.openkg.cn/COVID-19/wiki/resource/R5880	http://www.openkg.cn/2019-nCoV/health/resource/R6544	1.0
756	http://www.openkg.cn/COVID-19/wiki/resource/R5944	http://www.openkg.cn/2019-nCoV/health/resource/R6252	1.0
757	http://www.openkg.cn/COVID-19/wiki/resource/R595	http://www.openkg.cn/2019-nCoV/health/resource/R6374	1.0
758	http://www.openkg.cn/COVID-19/wiki/resource/R598	http://www.openkg.cn/2019-nCoV/health/resource/R6289	1.0
759	http://www.openkg.cn/COVID-19/wiki/resource/R600	http://www.openkg.cn/2019-nCoV/health/resource/R861	1.0
760	http://www.openkg.cn/COVID-19/wiki/resource/R612	http://www.openkg.cn/2019-nCoV/health/resource/R6906	1.0
761	http://www.openkg.cn/COVID-19/wiki/resource/R6126	http://www.openkg.cn/2019-nCoV/health/resource/R6857	1.0
762	http://www.openkg.cn/COVID-19/wiki/resource/R6133	http://www.openkg.cn/2019-nCoV/health/resource/R6408	1.0
763	http://www.openkg.cn/COVID-19/wiki/resource/R6138	http://www.openkg.cn/2019-nCoV/health/resource/R6763	1.0
764	http://www.openkg.cn/COVID-19/wiki/resource/R6152	http://www.openkg.cn/2019-nCoV/health/resource/R6574	1.0
765	http://www.openkg.cn/COVID-19/wiki/resource/R634	http://www.openkg.cn/2019-nCoV/health/resource/R7010	1.0
766	http://www.openkg.cn/COVID-19/wiki/resource/R6575	http://www.openkg.cn/2019-nCoV/health/resource/R6531	1.0
767	http://www.openkg.cn/COVID-19/wiki/resource/R6695	http://www.openkg.cn/2019-nCoV/health/resource/R3377	1.0
768	http://www.openkg.cn/COVID-19/wiki/resource/R678	http://www.openkg.cn/2019-nCoV/health/resource/R6238	1.0
769	http://www.openkg.cn/COVID-19/wiki/resource/R682	http://www.openkg.cn/2019-nCoV/health/resource/R6173	1.0
770	http://www.openkg.cn/COVID-19/wiki/resource/R692	http://www.openkg.cn/2019-nCoV/health/resource/R6940	1.0
771	http://www.openkg.cn/COVID-19/wiki/resource/R697	http://www.openkg.cn/2019-nCoV/health/resource/R6291	1.0
772	http://www.openkg.cn/COVID-19/wiki/resource/R708	http://www.openkg.cn/2019-nCoV/health/resource/R6214	1.0
773	http://www.openkg.cn/COVID-19/wiki/resource/R7174	http://www.openkg.cn/2019-nCoV/health/resource/R6591	1.0
774	http://www.openkg.cn/COVID-19/wiki/resource/R7177	http://www.openkg.cn/2019-nCoV/health/resource/R6349	1.0
775	http://www.openkg.cn/COVID-19/wiki/resource/R722	http://www.openkg.cn/2019-nCoV/health/resource/R6250	1.0
776	http://www.openkg.cn/COVID-19/wiki/resource/R7230	http://www.openkg.cn/2019-nCoV/health/resource/R6328	1.0
777	http://www.openkg.cn/COVID-19/wiki/resource/R725	http://www.openkg.cn/2019-nCoV/health/resource/R6399	1.0
778	http://www.openkg.cn/COVID-19/wiki/resource/R7394	http://www.openkg.cn/2019-nCoV/health/resource/R6542	1.0
779	http://www.openkg.cn/COVID-19/wiki/resource/R747	http://www.openkg.cn/2019-nCoV/health/resource/R6340	1.0
780	http://www.openkg.cn/COVID-19/wiki/resource/R748	http://www.openkg.cn/2019-nCoV/health/resource/R5275	1.0
781	http://www.openkg.cn/COVID-19/wiki/resource/R7489	http://www.openkg.cn/2019-nCoV/health/resource/R4665	1.0
782	http://www.openkg.cn/COVID-19/wiki/resource/R751	http://www.openkg.cn/2019-nCoV/health/resource/R6165	1.0
783	http://www.openkg.cn/COVID-19/wiki/resource/R7521	http://www.openkg.cn/2019-nCoV/health/resource/R6207	1.0
784	http://www.openkg.cn/COVID-19/wiki/resource/R7547	http://www.openkg.cn/2019-nCoV/health/resource/R6420	1.0
785	http://www.openkg.cn/COVID-19/wiki/resource/R7568	http://www.openkg.cn/2019-nCoV/health/resource/R6323	1.0
786	http://www.openkg.cn/COVID-19/wiki/resource/R7709	http://www.openkg.cn/2019-nCoV/health/resource/R6192	1.0
787	http://www.openkg.cn/COVID-19/wiki/resource/R7793	http://www.openkg.cn/2019-nCoV/health/resource/R6487	1.0
788	http://www.openkg.cn/COVID-19/wiki/resource/R7863	http://www.openkg.cn/2019-nCoV/health/resource/R6571	1.0
789	http://www.openkg.cn/COVID-19/wiki/resource/R787	http://www.openkg.cn/2019-nCoV/health/resource/R6592	1.0
790	http://www.openkg.cn/COVID-19/wiki/resource/R7931	http://www.openkg.cn/2019-nCoV/health/resource/R6498	1.0
791	http://www.openkg.cn/COVID-19/wiki/resource/R798	http://www.openkg.cn/2019-nCoV/health/resource/R5880	1.0
792	http://www.openkg.cn/COVID-19/wiki/resource/R8060	http://www.openkg.cn/2019-nCoV/health/resource/R294	1.0
793	http://www.openkg.cn/COVID-19/wiki/resource/R8111	http://www.openkg.cn/2019-nCoV/health/resource/R6220	1.0
794	http://www.openkg.cn/COVID-19/wiki/resource/R814	http://www.openkg.cn/2019-nCoV/health/resource/R6242	1.0
795	http://www.openkg.cn/COVID-19/wiki/resource/R8251	http://www.openkg.cn/2019-nCoV/health/resource/R6580	1.0
796	http://www.openkg.cn/COVID-19/wiki/resource/R828	http://www.openkg.cn/2019-nCoV/health/resource/R6222	1.0
797	http://www.openkg.cn/COVID-19/wiki/resource/R8332	http://www.openkg.cn/2019-nCoV/health/resource/R7003	1.0
798	http://www.openkg.cn/COVID-19/wiki/resource/R8361	http://www.openkg.cn/2019-nCoV/health/resource/R6444	1.0
799	http://www.openkg.cn/COVID-19/wiki/resource/R844	http://www.openkg.cn/2019-nCoV/health/resource/R6169	1.0
800	http://www.openkg.cn/COVID-19/wiki/resource/R849	http://www.openkg.cn/2019-nCoV/health/resource/R6273	1.0
801	http://www.openkg.cn/COVID-19/wiki/resource/R8533	http://www.openkg.cn/2019-nCoV/health/resource/R6456	1.0
802	http://www.openkg.cn/COVID-19/wiki/resource/R859	http://www.openkg.cn/2019-nCoV/health/resource/R6953	1.0
803	http://www.openkg.cn/COVID-19/wiki/resource/R8707	http://www.openkg.cn/2019-nCoV/health/resource/R6952	1.0
804	http://www.openkg.cn/COVID-19/wiki/resource/R8713	http://www.openkg.cn/2019-nCoV/health/resource/R6740	1.0
805	http://www.openkg.cn/COVID-19/wiki/resource/R8714	http://www.openkg.cn/2019-nCoV/health/resource/R6366	1.0
806	http://www.openkg.cn/COVID-19/wiki/resource/R8739	http://www.openkg.cn/2019-nCoV/health/resource/R5589	1.0
807	http://www.openkg.cn/COVID-19/wiki/resource/R8743	http://www.openkg.cn/2019-nCoV/health/resource/R6209	1.0
808	http://www.openkg.cn/COVID-19/wiki/resource/R8876	http://www.openkg.cn/2019-nCoV/health/resource/R6382	1.0
809	http://www.openkg.cn/COVID-19/wiki/resource/R888	http://www.openkg.cn/2019-nCoV/health/resource/R6568	1.0
810	http://www.openkg.cn/COVID-19/wiki/resource/R8909	http://www.openkg.cn/2019-nCoV/health/resource/R6547	1.0
811	http://www.openkg.cn/COVID-19/wiki/resource/R9006	http://www.openkg.cn/2019-nCoV/health/resource/R6565	1.0
812	http://www.openkg.cn/COVID-19/wiki/resource/R901	http://www.openkg.cn/2019-nCoV/health/resource/R6474	1.0
813	http://www.openkg.cn/COVID-19/wiki/resource/R9104	http://www.openkg.cn/2019-nCoV/health/resource/R6524	1.0
814	http://www.openkg.cn/COVID-19/wiki/resource/R912	http://www.openkg.cn/2019-nCoV/health/resource/R4659	1.0
815	http://www.openkg.cn/COVID-19/wiki/resource/R913	http://www.openkg.cn/2019-nCoV/health/resource/R6505	1.0
816	http://www.openkg.cn/COVID-19/wiki/resource/R9144	http://www.openkg.cn/2019-nCoV/health/resource/R6769	1.0
817	http://www.openkg.cn/COVID-19/wiki/resource/R915	http://www.openkg.cn/2019-nCoV/health/resource/R6171	1.0
818	http://www.openkg.cn/COVID-19/wiki/resource/R9166	http://www.openkg.cn/2019-nCoV/health/resource/R6208	1.0
819	http://www.openkg.cn/COVID-19/wiki/resource/R9224	http://www.openkg.cn/2019-nCoV/health/resource/R7035	1.0
820	http://www.openkg.cn/COVID-19/wiki/resource/R9229	http://www.openkg.cn/2019-nCoV/health/resource/R6529	1.0
821	http://www.openkg.cn/COVID-19/wiki/resource/R9239	http://www.openkg.cn/2019-nCoV/health/resource/R7007	1.0
822	http://www.openkg.cn/COVID-19/wiki/resource/R9248	http://www.openkg.cn/2019-nCoV/health/resource/R7097	1.0
823	http://www.openkg.cn/COVID-19/wiki/resource/R927	http://www.openkg.cn/2019-nCoV/health/resource/R6325	1.0
824	http://www.openkg.cn/COVID-19/wiki/resource/R9341	http://www.openkg.cn/2019-nCoV/health/resource/R6348	1.0
825	http://www.openkg.cn/COVID-19/wiki/resource/R9401	http://www.openkg.cn/2019-nCoV/health/resource/R6296	1.0
826	http://www.openkg.cn/COVID-19/wiki/resource/R9427	http://www.openkg.cn/2019-nCoV/health/resource/R6860	1.0
827	http://www.openkg.cn/COVID-19/wiki/resource/R953	http://www.openkg.cn/2019-nCoV/health/resource/R6461	1.0
828	http://www.openkg.cn/COVID-19/wiki/resource/R954	http://www.openkg.cn/2019-nCoV/health/resource/R7079	1.0
829	http://www.openkg.cn/COVID-19/wiki/resource/R9541	http://www.openkg.cn/2019-nCoV/health/resource/R6385	1.0
830	http://www.openkg.cn/COVID-19/wiki/resource/R958	http://www.openkg.cn/2019-nCoV/health/resource/R6446	1.0
831	http://www.openkg.cn/COVID-19/wiki/resource/R9639	http://www.openkg.cn/2019-nCoV/health/resource/R6258	1.0
832	http://www.openkg.cn/COVID-19/wiki/resource/R9710	http://www.openkg.cn/2019-nCoV/health/resource/R6435	1.0
833	http://www.openkg.cn/COVID-19/wiki/resource/R9729	http://www.openkg.cn/2019-nCoV/health/resource/R6485	1.0
834	http://www.openkg.cn/COVID-19/wiki/resource/R9748	http://www.openkg.cn/2019-nCoV/health/resource/R6584	1.0
835	http://www.openkg.cn/COVID-19/wiki/resource/R9762	http://www.openkg.cn/2019-nCoV/health/resource/R6168	1.0
836	http://www.openkg.cn/COVID-19/wiki/resource/R978	http://www.openkg.cn/2019-nCoV/health/resource/R6452	1.0
